question_id,permutation_idx,model,predicted_answer,correct_position,original_correct,is_correct,prob_A,prob_B,prob_C,prob_D,sample_count_A,sample_count_B,sample_count_C,sample_count_D,total_valid_samples,question,is_correct_fixed,debiased_predicted_answer,debiased_is_correct
q2,0,llama3:8b-instruct-q8_0,C,C,C,1,0.0,0.36,0.64,0.0,0,9,16,0,25,An integer c is a common divisor of two integers x and y if and only if c is a divisor of x and c is a divisor of y. Which of the following sets of integers could possibly be the set of all common divisors of two integers?,1,C,1
q2,1,llama3:8b-instruct-q8_0,B,B,C,1,0.0,0.56,0.44,0.0,0,14,11,0,25,An integer c is a common divisor of two integers x and y if and only if c is a divisor of x and c is a divisor of y. Which of the following sets of integers could possibly be the set of all common divisors of two integers?,1,C,0
q2,2,llama3:8b-instruct-q8_0,B,A,C,0,0.0,0.52,0.48,0.0,0,13,12,0,25,An integer c is a common divisor of two integers x and y if and only if c is a divisor of x and c is a divisor of y. Which of the following sets of integers could possibly be the set of all common divisors of two integers?,0,C,0
q2,3,llama3:8b-instruct-q8_0,B,D,C,0,0.0,0.64,0.36,0.0,0,16,9,0,25,An integer c is a common divisor of two integers x and y if and only if c is a divisor of x and c is a divisor of y. Which of the following sets of integers could possibly be the set of all common divisors of two integers?,0,C,0
q3,0,llama3:8b-instruct-q8_0,D,B,B,0,0.28,0.36,0.0,0.36,7,9,0,9,25,"In the NoNicks operating system, the time required by a single file-read operation has four nonoverlapping components:
disk seek time-25 msec
disk latency time-8 msec
disk transfer time- 1 msec per 1,000 bytes
operating system overhead-1 msec per 1,000 bytes + 10 msec
In version 1 of the system, the file read retrieved blocks of 1,000 bytes. In version 2, the file read (along with the underlying layout on disk) was modified to retrieve blocks of 4,000 bytes. The ratio of-the time required to read a large file under version 2 to the time required to read the same large file under version 1 is approximately",0,D,0
q3,1,llama3:8b-instruct-q8_0,A,A,B,1,0.52,0.0,0.0,0.48,13,0,0,12,25,"In the NoNicks operating system, the time required by a single file-read operation has four nonoverlapping components:
disk seek time-25 msec
disk latency time-8 msec
disk transfer time- 1 msec per 1,000 bytes
operating system overhead-1 msec per 1,000 bytes + 10 msec
In version 1 of the system, the file read retrieved blocks of 1,000 bytes. In version 2, the file read (along with the underlying layout on disk) was modified to retrieve blocks of 4,000 bytes. The ratio of-the time required to read a large file under version 2 to the time required to read the same large file under version 1 is approximately",1,A,1
q3,2,llama3:8b-instruct-q8_0,D,D,B,1,0.0,0.0,0.48,0.52,0,0,12,13,25,"In the NoNicks operating system, the time required by a single file-read operation has four nonoverlapping components:
disk seek time-25 msec
disk latency time-8 msec
disk transfer time- 1 msec per 1,000 bytes
operating system overhead-1 msec per 1,000 bytes + 10 msec
In version 1 of the system, the file read retrieved blocks of 1,000 bytes. In version 2, the file read (along with the underlying layout on disk) was modified to retrieve blocks of 4,000 bytes. The ratio of-the time required to read a large file under version 2 to the time required to read the same large file under version 1 is approximately",1,C,0
q3,3,llama3:8b-instruct-q8_0,A,C,B,0,0.36,0.28,0.28,0.08,9,7,7,2,25,"In the NoNicks operating system, the time required by a single file-read operation has four nonoverlapping components:
disk seek time-25 msec
disk latency time-8 msec
disk transfer time- 1 msec per 1,000 bytes
operating system overhead-1 msec per 1,000 bytes + 10 msec
In version 1 of the system, the file read retrieved blocks of 1,000 bytes. In version 2, the file read (along with the underlying layout on disk) was modified to retrieve blocks of 4,000 bytes. The ratio of-the time required to read a large file under version 2 to the time required to read the same large file under version 1 is approximately",0,C,1
q4,0,llama3:8b-instruct-q8_0,B,A,A,0,0.44,0.56,0.0,0.0,11,14,0,0,25,"You want to cluster 7 points into 3 clusters using the k-Means Clustering algorithm. Suppose after the first iteration, clusters C1, C2 and C3 contain the following two-dimensional points: C1 contains the 2 points: {(0,6), (6,0)} C2 contains the 3 points: {(2,2), (4,4), (6,6)} C3 contains the 2 points: {(5,5), (7,7)} What are the cluster centers computed for these 3 clusters?",0,A,1
q4,1,llama3:8b-instruct-q8_0,B,D,A,0,0.36,0.44,0.0,0.2,9,11,0,5,25,"You want to cluster 7 points into 3 clusters using the k-Means Clustering algorithm. Suppose after the first iteration, clusters C1, C2 and C3 contain the following two-dimensional points: C1 contains the 2 points: {(0,6), (6,0)} C2 contains the 3 points: {(2,2), (4,4), (6,6)} C3 contains the 2 points: {(5,5), (7,7)} What are the cluster centers computed for these 3 clusters?",0,A,0
q4,2,llama3:8b-instruct-q8_0,D,C,A,0,0.0,0.0,0.2,0.8,0,0,5,20,25,"You want to cluster 7 points into 3 clusters using the k-Means Clustering algorithm. Suppose after the first iteration, clusters C1, C2 and C3 contain the following two-dimensional points: C1 contains the 2 points: {(0,6), (6,0)} C2 contains the 3 points: {(2,2), (4,4), (6,6)} C3 contains the 2 points: {(5,5), (7,7)} What are the cluster centers computed for these 3 clusters?",0,D,0
q4,3,llama3:8b-instruct-q8_0,C,B,A,0,0.0,0.44,0.56,0.0,0,11,14,0,25,"You want to cluster 7 points into 3 clusters using the k-Means Clustering algorithm. Suppose after the first iteration, clusters C1, C2 and C3 contain the following two-dimensional points: C1 contains the 2 points: {(0,6), (6,0)} C2 contains the 3 points: {(2,2), (4,4), (6,6)} C3 contains the 2 points: {(5,5), (7,7)} What are the cluster centers computed for these 3 clusters?",0,C,0
q6,0,llama3:8b-instruct-q8_0,B,C,C,0,0.0,1.0,0.0,0.0,0,25,0,0,25,"Consider the collection of all undirected graphs with 10 nodes and 6 edges. Let M and m, respectively, be the maximum and minimum number of connected components in any graph in the collection. If a graph has no selfloops and there is at most one edge between any pair of nodes, which of the following is true?",0,B,0
q6,1,llama3:8b-instruct-q8_0,A,B,C,0,0.32,0.24,0.24,0.2,8,6,6,5,25,"Consider the collection of all undirected graphs with 10 nodes and 6 edges. Let M and m, respectively, be the maximum and minimum number of connected components in any graph in the collection. If a graph has no selfloops and there is at most one edge between any pair of nodes, which of the following is true?",0,C,0
q6,2,llama3:8b-instruct-q8_0,D,A,C,0,0.0,0.0,0.0,1.0,0,0,0,25,25,"Consider the collection of all undirected graphs with 10 nodes and 6 edges. Let M and m, respectively, be the maximum and minimum number of connected components in any graph in the collection. If a graph has no selfloops and there is at most one edge between any pair of nodes, which of the following is true?",0,D,0
q6,3,llama3:8b-instruct-q8_0,C,D,C,0,0.0,0.0,1.0,0.0,0,0,25,0,25,"Consider the collection of all undirected graphs with 10 nodes and 6 edges. Let M and m, respectively, be the maximum and minimum number of connected components in any graph in the collection. If a graph has no selfloops and there is at most one edge between any pair of nodes, which of the following is true?",0,C,0
q7,0,llama3:8b-instruct-q8_0,D,C,C,0,0.28,0.24,0.2,0.28,7,6,5,7,25,"Resolution theorem proving for showing that a formula of propositional logic is not satisfiable has which of the following properties?
I. It is a sound proof system in the sense that there does not exist a proof of the unsatisfiability of a satisfiable formula of propositional logic.
II. It is a complete proof system in the sense that there is a proof of unsatisfiability for every unsa tisfiable formula of propositional logic.
III. It is a succinct proof system in the sense that whenever an unsatisfiable formula F of propositional logic has a resolution proof, F also has a proof whose length is polynomial in the length of F.",0,C,1
q7,1,llama3:8b-instruct-q8_0,C,B,C,0,0.24,0.24,0.28,0.24,6,6,7,6,25,"Resolution theorem proving for showing that a formula of propositional logic is not satisfiable has which of the following properties?
I. It is a sound proof system in the sense that there does not exist a proof of the unsatisfiability of a satisfiable formula of propositional logic.
II. It is a complete proof system in the sense that there is a proof of unsatisfiability for every unsa tisfiable formula of propositional logic.
III. It is a succinct proof system in the sense that whenever an unsatisfiable formula F of propositional logic has a resolution proof, F also has a proof whose length is polynomial in the length of F.",0,C,0
q7,2,llama3:8b-instruct-q8_0,B,A,C,0,0.32,0.36,0.32,0.0,8,9,8,0,25,"Resolution theorem proving for showing that a formula of propositional logic is not satisfiable has which of the following properties?
I. It is a sound proof system in the sense that there does not exist a proof of the unsatisfiability of a satisfiable formula of propositional logic.
II. It is a complete proof system in the sense that there is a proof of unsatisfiability for every unsa tisfiable formula of propositional logic.
III. It is a succinct proof system in the sense that whenever an unsatisfiable formula F of propositional logic has a resolution proof, F also has a proof whose length is polynomial in the length of F.",0,C,0
q7,3,llama3:8b-instruct-q8_0,A,D,C,0,0.52,0.48,0.0,0.0,13,12,0,0,25,"Resolution theorem proving for showing that a formula of propositional logic is not satisfiable has which of the following properties?
I. It is a sound proof system in the sense that there does not exist a proof of the unsatisfiability of a satisfiable formula of propositional logic.
II. It is a complete proof system in the sense that there is a proof of unsatisfiability for every unsa tisfiable formula of propositional logic.
III. It is a succinct proof system in the sense that whenever an unsatisfiable formula F of propositional logic has a resolution proof, F also has a proof whose length is polynomial in the length of F.",0,A,0
q8,0,llama3:8b-instruct-q8_0,D,B,B,0,0.12,0.0,0.0,0.88,3,0,0,22,25,"Which of the following statements describe(s) properties of a purely segmented memory system?
I. It divides memory into units of equal size.
II. It permits implementation of virtual memory.
III. It suffers from internal fragmentation.",0,D,0
q8,1,llama3:8b-instruct-q8_0,C,A,B,0,0.0,0.0,0.64,0.36,0,0,16,9,25,"Which of the following statements describe(s) properties of a purely segmented memory system?
I. It divides memory into units of equal size.
II. It permits implementation of virtual memory.
III. It suffers from internal fragmentation.",0,C,0
q8,2,llama3:8b-instruct-q8_0,B,D,B,0,0.0,1.0,0.0,0.0,0,25,0,0,25,"Which of the following statements describe(s) properties of a purely segmented memory system?
I. It divides memory into units of equal size.
II. It permits implementation of virtual memory.
III. It suffers from internal fragmentation.",0,B,0
q8,3,llama3:8b-instruct-q8_0,A,C,B,0,1.0,0.0,0.0,0.0,25,0,0,0,25,"Which of the following statements describe(s) properties of a purely segmented memory system?
I. It divides memory into units of equal size.
II. It permits implementation of virtual memory.
III. It suffers from internal fragmentation.",0,A,0
q9,0,llama3:8b-instruct-q8_0,B,C,C,0,0.36,0.56,0.0,0.08,9,14,0,2,25,Which of the following statements about floating-point arithmetic is NOT true?,0,A,0
q9,1,llama3:8b-instruct-q8_0,B,B,C,1,0.0,0.88,0.12,0.0,0,22,3,0,25,Which of the following statements about floating-point arithmetic is NOT true?,1,B,1
q9,2,llama3:8b-instruct-q8_0,C,A,C,0,0.0,0.12,0.88,0.0,0,3,22,0,25,Which of the following statements about floating-point arithmetic is NOT true?,0,C,0
q9,3,llama3:8b-instruct-q8_0,B,D,C,0,0.0,1.0,0.0,0.0,0,25,0,0,25,Which of the following statements about floating-point arithmetic is NOT true?,0,B,0
q10,0,llama3:8b-instruct-q8_0,C,C,C,1,0.0,0.0,1.0,0.0,0,0,25,0,25,"Suppose sharing of tiles in a multilevel directory structure is achieved with directory entries that are links pointing to a node containing information about a shared file. Information in this node includes (1) the owner of the file, (2) a count of the number of links to the tile, and (3) the disk block numbers of the file. What is a primary drawback to this approach to sharing?",1,C,1
q10,1,llama3:8b-instruct-q8_0,B,B,C,1,0.0,1.0,0.0,0.0,0,25,0,0,25,"Suppose sharing of tiles in a multilevel directory structure is achieved with directory entries that are links pointing to a node containing information about a shared file. Information in this node includes (1) the owner of the file, (2) a count of the number of links to the tile, and (3) the disk block numbers of the file. What is a primary drawback to this approach to sharing?",1,B,1
q10,2,llama3:8b-instruct-q8_0,A,A,C,1,0.92,0.08,0.0,0.0,23,2,0,0,25,"Suppose sharing of tiles in a multilevel directory structure is achieved with directory entries that are links pointing to a node containing information about a shared file. Information in this node includes (1) the owner of the file, (2) a count of the number of links to the tile, and (3) the disk block numbers of the file. What is a primary drawback to this approach to sharing?",1,A,1
q10,3,llama3:8b-instruct-q8_0,D,D,C,1,0.0,0.0,0.0,1.0,0,0,0,25,25,"Suppose sharing of tiles in a multilevel directory structure is achieved with directory entries that are links pointing to a node containing information about a shared file. Information in this node includes (1) the owner of the file, (2) a count of the number of links to the tile, and (3) the disk block numbers of the file. What is a primary drawback to this approach to sharing?",1,D,1
q12,0,llama3:8b-instruct-q8_0,B,A,A,0,0.0,1.0,0.0,0.0,0,25,0,0,25,"If p(x) is the minimal-degree interpolating polynomial for the real-valued function f(x) at the n + 1 distinct real numbers x0, .... xn what is the maximum possible degree of p(x)?",0,B,0
q12,1,llama3:8b-instruct-q8_0,A,D,A,0,1.0,0.0,0.0,0.0,25,0,0,0,25,"If p(x) is the minimal-degree interpolating polynomial for the real-valued function f(x) at the n + 1 distinct real numbers x0, .... xn what is the maximum possible degree of p(x)?",0,A,0
q12,2,llama3:8b-instruct-q8_0,D,C,A,0,0.0,0.0,0.0,1.0,0,0,0,25,25,"If p(x) is the minimal-degree interpolating polynomial for the real-valued function f(x) at the n + 1 distinct real numbers x0, .... xn what is the maximum possible degree of p(x)?",0,D,0
q12,3,llama3:8b-instruct-q8_0,C,B,A,0,0.0,0.0,1.0,0.0,0,0,25,0,25,"If p(x) is the minimal-degree interpolating polynomial for the real-valued function f(x) at the n + 1 distinct real numbers x0, .... xn what is the maximum possible degree of p(x)?",0,C,0
q14,0,llama3:8b-instruct-q8_0,C,C,C,1,0.0,0.0,1.0,0.0,0,0,25,0,25,TCP protocol is responsible (among other things) for,1,C,1
q14,1,llama3:8b-instruct-q8_0,B,B,C,1,0.0,1.0,0.0,0.0,0,25,0,0,25,TCP protocol is responsible (among other things) for,1,B,1
q14,2,llama3:8b-instruct-q8_0,A,A,C,1,1.0,0.0,0.0,0.0,25,0,0,0,25,TCP protocol is responsible (among other things) for,1,A,1
q14,3,llama3:8b-instruct-q8_0,D,D,C,1,0.0,0.0,0.0,1.0,0,0,0,25,25,TCP protocol is responsible (among other things) for,1,D,1
q15,0,llama3:8b-instruct-q8_0,B,A,A,0,0.12,0.32,0.28,0.28,3,8,7,7,25,"Let A and B be two sets of words (strings) from Σ*, for some alphabet of symbols Σ. Suppose that B is a subset of A. Which of the following statements must always be true of A and B ?
I. If A is finite, then B is finite.
II. If A is regular, then B is regular.
III. If A is context-free, then B is context-free.",0,C,0
q15,1,llama3:8b-instruct-q8_0,B,D,A,0,0.24,0.44,0.32,0.0,6,11,8,0,25,"Let A and B be two sets of words (strings) from Σ*, for some alphabet of symbols Σ. Suppose that B is a subset of A. Which of the following statements must always be true of A and B ?
I. If A is finite, then B is finite.
II. If A is regular, then B is regular.
III. If A is context-free, then B is context-free.",0,C,0
q15,2,llama3:8b-instruct-q8_0,A,C,A,0,0.4,0.36,0.24,0.0,10,9,6,0,25,"Let A and B be two sets of words (strings) from Σ*, for some alphabet of symbols Σ. Suppose that B is a subset of A. Which of the following statements must always be true of A and B ?
I. If A is finite, then B is finite.
II. If A is regular, then B is regular.
III. If A is context-free, then B is context-free.",0,C,1
q15,3,llama3:8b-instruct-q8_0,A,B,A,0,0.72,0.28,0.0,0.0,18,7,0,0,25,"Let A and B be two sets of words (strings) from Σ*, for some alphabet of symbols Σ. Suppose that B is a subset of A. Which of the following statements must always be true of A and B ?
I. If A is finite, then B is finite.
II. If A is regular, then B is regular.
III. If A is context-free, then B is context-free.",0,A,0
q16,0,llama3:8b-instruct-q8_0,C,D,D,0,0.28,0.36,0.36,0.0,7,9,9,0,25,"For all strings x, the function x^M is defined recursively as follows.
e^M= e, and
if w is a string and a is a string with length 1, then
(aw)^M = aw^Ma.
Let a be a string with length 1, and let x and y be arbitrary strings. Which of the following is true?",0,C,0
q16,1,llama3:8b-instruct-q8_0,D,C,D,0,0.32,0.12,0.0,0.56,8,3,0,14,25,"For all strings x, the function x^M is defined recursively as follows.
e^M= e, and
if w is a string and a is a string with length 1, then
(aw)^M = aw^Ma.
Let a be a string with length 1, and let x and y be arbitrary strings. Which of the following is true?",0,D,0
q16,2,llama3:8b-instruct-q8_0,C,B,D,0,0.32,0.0,0.48,0.2,8,0,12,5,25,"For all strings x, the function x^M is defined recursively as follows.
e^M= e, and
if w is a string and a is a string with length 1, then
(aw)^M = aw^Ma.
Let a be a string with length 1, and let x and y be arbitrary strings. Which of the following is true?",0,C,0
q16,3,llama3:8b-instruct-q8_0,B,A,D,0,0.0,0.52,0.16,0.32,0,13,4,8,25,"For all strings x, the function x^M is defined recursively as follows.
e^M= e, and
if w is a string and a is a string with length 1, then
(aw)^M = aw^Ma.
Let a be a string with length 1, and let x and y be arbitrary strings. Which of the following is true?",0,D,0
q17,0,llama3:8b-instruct-q8_0,B,D,D,0,0.0,1.0,0.0,0.0,0,25,0,0,25,Which of the following is NOT a reasonable justification for choosing to busy-wait on an asynchronous event?,0,B,0
q17,1,llama3:8b-instruct-q8_0,A,C,D,0,0.64,0.32,0.04,0.0,16,8,1,0,25,Which of the following is NOT a reasonable justification for choosing to busy-wait on an asynchronous event?,0,A,0
q17,2,llama3:8b-instruct-q8_0,B,B,D,1,0.0,0.52,0.0,0.48,0,13,0,12,25,Which of the following is NOT a reasonable justification for choosing to busy-wait on an asynchronous event?,1,D,0
q17,3,llama3:8b-instruct-q8_0,C,A,D,0,0.0,0.48,0.52,0.0,0,12,13,0,25,Which of the following is NOT a reasonable justification for choosing to busy-wait on an asynchronous event?,0,C,0
q18,0,llama3:8b-instruct-q8_0,B,B,B,1,0.0,0.56,0.0,0.44,0,14,0,11,25,The language {ww | w in (0 + 1)*} is,1,D,0
q18,1,llama3:8b-instruct-q8_0,C,A,B,0,0.0,0.36,0.64,0.0,0,9,16,0,25,The language {ww | w in (0 + 1)*} is,0,C,0
q18,2,llama3:8b-instruct-q8_0,A,D,B,0,0.76,0.24,0.0,0.0,19,6,0,0,25,The language {ww | w in (0 + 1)*} is,0,A,0
q18,3,llama3:8b-instruct-q8_0,A,C,B,0,1.0,0.0,0.0,0.0,25,0,0,0,25,The language {ww | w in (0 + 1)*} is,0,A,0
q20,0,llama3:8b-instruct-q8_0,B,D,D,0,0.0,0.52,0.12,0.36,0,13,3,9,25,"Let P be a procedure that for some inputs calls itself (i.e., is recursive). If P is guaranteed to terminate, which of the following statements must be true?
I. P has a local variable.
II. P has an execution path where it does not call itself.
III. P either refers to a global variable or has at least one parameter.",0,D,1
q20,1,llama3:8b-instruct-q8_0,A,C,D,0,0.44,0.2,0.36,0.0,11,5,9,0,25,"Let P be a procedure that for some inputs calls itself (i.e., is recursive). If P is guaranteed to terminate, which of the following statements must be true?
I. P has a local variable.
II. P has an execution path where it does not call itself.
III. P either refers to a global variable or has at least one parameter.",0,C,1
q20,2,llama3:8b-instruct-q8_0,D,B,D,0,0.0,0.2,0.0,0.8,0,5,0,20,25,"Let P be a procedure that for some inputs calls itself (i.e., is recursive). If P is guaranteed to terminate, which of the following statements must be true?
I. P has a local variable.
II. P has an execution path where it does not call itself.
III. P either refers to a global variable or has at least one parameter.",0,D,0
q20,3,llama3:8b-instruct-q8_0,B,A,D,0,0.28,0.32,0.28,0.12,7,8,7,3,25,"Let P be a procedure that for some inputs calls itself (i.e., is recursive). If P is guaranteed to terminate, which of the following statements must be true?
I. P has a local variable.
II. P has an execution path where it does not call itself.
III. P either refers to a global variable or has at least one parameter.",0,C,0
q21,0,llama3:8b-instruct-q8_0,D,D,D,1,0.0,0.0,0.0,1.0,0,0,0,25,25,Which of the following comes closest to being a perfectly secure encryption scheme?,1,D,1
q21,1,llama3:8b-instruct-q8_0,C,C,D,1,0.0,0.0,1.0,0.0,0,0,25,0,25,Which of the following comes closest to being a perfectly secure encryption scheme?,1,C,1
q21,2,llama3:8b-instruct-q8_0,B,B,D,1,0.0,1.0,0.0,0.0,0,25,0,0,25,Which of the following comes closest to being a perfectly secure encryption scheme?,1,B,1
q21,3,llama3:8b-instruct-q8_0,A,A,D,1,1.0,0.0,0.0,0.0,25,0,0,0,25,Which of the following comes closest to being a perfectly secure encryption scheme?,1,A,1
q22,0,llama3:8b-instruct-q8_0,C,B,B,0,0.36,0.0,0.64,0.0,9,0,16,0,25,"Of the following problems concerning a given undirected graph G, which is currently known to be solvable in polynomial time?",0,C,0
q22,1,llama3:8b-instruct-q8_0,B,A,B,0,0.36,0.64,0.0,0.0,9,16,0,0,25,"Of the following problems concerning a given undirected graph G, which is currently known to be solvable in polynomial time?",0,A,1
q22,2,llama3:8b-instruct-q8_0,B,D,B,0,0.4,0.44,0.0,0.16,10,11,0,4,25,"Of the following problems concerning a given undirected graph G, which is currently known to be solvable in polynomial time?",0,A,0
q22,3,llama3:8b-instruct-q8_0,A,C,B,0,0.52,0.0,0.0,0.48,13,0,0,12,25,"Of the following problems concerning a given undirected graph G, which is currently known to be solvable in polynomial time?",0,A,0
q24,0,llama3:8b-instruct-q8_0,B,A,A,0,0.36,0.64,0.0,0.0,9,16,0,0,25,"Of the following, which best approximates the ratio of the number of nonterminal nodes to the total number of nodes in a complete K-ary tree of depth N?",0,A,1
q24,1,llama3:8b-instruct-q8_0,D,D,A,1,0.48,0.0,0.0,0.52,12,0,0,13,25,"Of the following, which best approximates the ratio of the number of nonterminal nodes to the total number of nodes in a complete K-ary tree of depth N?",1,D,1
q24,2,llama3:8b-instruct-q8_0,D,C,A,0,0.0,0.0,0.36,0.64,0,0,9,16,25,"Of the following, which best approximates the ratio of the number of nonterminal nodes to the total number of nodes in a complete K-ary tree of depth N?",0,D,0
q24,3,llama3:8b-instruct-q8_0,C,B,A,0,0.0,0.0,1.0,0.0,0,0,25,0,25,"Of the following, which best approximates the ratio of the number of nonterminal nodes to the total number of nodes in a complete K-ary tree of depth N?",0,C,0
q25,0,llama3:8b-instruct-q8_0,B,A,A,0,0.0,1.0,0.0,0.0,0,25,0,0,25,"Consider a computer system in which processes can request and release one or more resources. Once a process has been granted a resource, the process has exclusive use of that resource until it is released. If a process requests a resource that is already in use, the process enters a queue for that resource, waiting until the resource is available. Which of the following will NOT deal effectively with the problem of deadlock?",0,B,0
q25,1,llama3:8b-instruct-q8_0,B,D,A,0,0.0,1.0,0.0,0.0,0,25,0,0,25,"Consider a computer system in which processes can request and release one or more resources. Once a process has been granted a resource, the process has exclusive use of that resource until it is released. If a process requests a resource that is already in use, the process enters a queue for that resource, waiting until the resource is available. Which of the following will NOT deal effectively with the problem of deadlock?",0,B,0
q25,2,llama3:8b-instruct-q8_0,B,C,A,0,0.0,0.8,0.2,0.0,0,20,5,0,25,"Consider a computer system in which processes can request and release one or more resources. Once a process has been granted a resource, the process has exclusive use of that resource until it is released. If a process requests a resource that is already in use, the process enters a queue for that resource, waiting until the resource is available. Which of the following will NOT deal effectively with the problem of deadlock?",0,B,0
q25,3,llama3:8b-instruct-q8_0,C,B,A,0,0.0,0.0,1.0,0.0,0,0,25,0,25,"Consider a computer system in which processes can request and release one or more resources. Once a process has been granted a resource, the process has exclusive use of that resource until it is released. If a process requests a resource that is already in use, the process enters a queue for that resource, waiting until the resource is available. Which of the following will NOT deal effectively with the problem of deadlock?",0,C,0
q26,0,llama3:8b-instruct-q8_0,A,D,D,0,0.36,0.36,0.0,0.28,9,9,0,7,25,"""Magic memory""' has two operations: Read and Clear. Both are indivisible and mutually exclusive. Clear sets the magic memory to zero. Read returns a value that represents the number of Read operations since the last Clear operation. Which of the following is (are) true of ""Magic memory""?
I. It can provide the functionality of an atomic Test-and-Set.
II. It can be used to coordinate processes running on a shared-memory multiprocessor.
III. It is only useful on a multiprocessor.",0,A,0
q26,1,llama3:8b-instruct-q8_0,A,C,D,0,0.48,0.0,0.28,0.24,12,0,7,6,25,"""Magic memory""' has two operations: Read and Clear. Both are indivisible and mutually exclusive. Clear sets the magic memory to zero. Read returns a value that represents the number of Read operations since the last Clear operation. Which of the following is (are) true of ""Magic memory""?
I. It can provide the functionality of an atomic Test-and-Set.
II. It can be used to coordinate processes running on a shared-memory multiprocessor.
III. It is only useful on a multiprocessor.",0,A,0
q26,2,llama3:8b-instruct-q8_0,B,B,D,1,0.28,0.52,0.2,0.0,7,13,5,0,25,"""Magic memory""' has two operations: Read and Clear. Both are indivisible and mutually exclusive. Clear sets the magic memory to zero. Read returns a value that represents the number of Read operations since the last Clear operation. Which of the following is (are) true of ""Magic memory""?
I. It can provide the functionality of an atomic Test-and-Set.
II. It can be used to coordinate processes running on a shared-memory multiprocessor.
III. It is only useful on a multiprocessor.",1,C,0
q26,3,llama3:8b-instruct-q8_0,B,A,D,0,0.44,0.56,0.0,0.0,11,14,0,0,25,"""Magic memory""' has two operations: Read and Clear. Both are indivisible and mutually exclusive. Clear sets the magic memory to zero. Read returns a value that represents the number of Read operations since the last Clear operation. Which of the following is (are) true of ""Magic memory""?
I. It can provide the functionality of an atomic Test-and-Set.
II. It can be used to coordinate processes running on a shared-memory multiprocessor.
III. It is only useful on a multiprocessor.",0,A,1
q27,0,llama3:8b-instruct-q8_0,C,C,C,1,0.0,0.0,1.0,0.0,0,0,25,0,25,Which of the following is the name of the data structure in a compiler that is responsible for managing information about variables and their attributes?,1,C,1
q27,1,llama3:8b-instruct-q8_0,B,B,C,1,0.0,1.0,0.0,0.0,0,25,0,0,25,Which of the following is the name of the data structure in a compiler that is responsible for managing information about variables and their attributes?,1,B,1
q27,2,llama3:8b-instruct-q8_0,A,A,C,1,1.0,0.0,0.0,0.0,25,0,0,0,25,Which of the following is the name of the data structure in a compiler that is responsible for managing information about variables and their attributes?,1,A,1
q27,3,llama3:8b-instruct-q8_0,D,D,C,1,0.0,0.0,0.0,1.0,0,0,0,25,25,Which of the following is the name of the data structure in a compiler that is responsible for managing information about variables and their attributes?,1,D,1
q28,0,llama3:8b-instruct-q8_0,A,D,D,0,0.64,0.0,0.0,0.36,16,0,0,9,25,Which of the following algorithms has running time Θ(n^2) in the worst case but Θ(n log n) on average?,0,A,0
q28,1,llama3:8b-instruct-q8_0,C,C,D,1,0.0,0.0,1.0,0.0,0,0,25,0,25,Which of the following algorithms has running time Θ(n^2) in the worst case but Θ(n log n) on average?,1,C,1
q28,2,llama3:8b-instruct-q8_0,B,B,D,1,0.0,0.52,0.48,0.0,0,13,12,0,25,Which of the following algorithms has running time Θ(n^2) in the worst case but Θ(n log n) on average?,1,C,0
q28,3,llama3:8b-instruct-q8_0,B,A,D,0,0.44,0.56,0.0,0.0,11,14,0,0,25,Which of the following algorithms has running time Θ(n^2) in the worst case but Θ(n log n) on average?,0,A,1
q29,0,llama3:8b-instruct-q8_0,B,D,D,0,0.0,0.52,0.0,0.48,0,13,0,12,25,"Languages with a structure that implements abstract data types (e.g., a C++ class) can prevent access to components of this structure by all operations except those that are part of this structure. However, definitions of such a structure often contain declarations of components of the structure (e.g., the header file for a C++ class may contain declarations of its private components). For such a language, an object's name could be bound at run time to stack storage for its component values (direct representation) or to a stack pointer referencing heap storage for its component values (indirect representation). Which of the following statements about comparisons between direct and indirect representations is (are) true?
I. Indirect representation noticeably increases compilation time.
II. Direct representation decreases the time needed to access components of a variable.
III. When the storage size of some private component of a variable changes, indirect representation minimizes the number of recompilations of source modules that must be performed.",0,D,1
q29,1,llama3:8b-instruct-q8_0,A,C,D,0,0.36,0.36,0.28,0.0,9,9,7,0,25,"Languages with a structure that implements abstract data types (e.g., a C++ class) can prevent access to components of this structure by all operations except those that are part of this structure. However, definitions of such a structure often contain declarations of components of the structure (e.g., the header file for a C++ class may contain declarations of its private components). For such a language, an object's name could be bound at run time to stack storage for its component values (direct representation) or to a stack pointer referencing heap storage for its component values (indirect representation). Which of the following statements about comparisons between direct and indirect representations is (are) true?
I. Indirect representation noticeably increases compilation time.
II. Direct representation decreases the time needed to access components of a variable.
III. When the storage size of some private component of a variable changes, indirect representation minimizes the number of recompilations of source modules that must be performed.",0,C,1
q29,2,llama3:8b-instruct-q8_0,B,B,D,1,0.2,0.56,0.24,0.0,5,14,6,0,25,"Languages with a structure that implements abstract data types (e.g., a C++ class) can prevent access to components of this structure by all operations except those that are part of this structure. However, definitions of such a structure often contain declarations of components of the structure (e.g., the header file for a C++ class may contain declarations of its private components). For such a language, an object's name could be bound at run time to stack storage for its component values (direct representation) or to a stack pointer referencing heap storage for its component values (indirect representation). Which of the following statements about comparisons between direct and indirect representations is (are) true?
I. Indirect representation noticeably increases compilation time.
II. Direct representation decreases the time needed to access components of a variable.
III. When the storage size of some private component of a variable changes, indirect representation minimizes the number of recompilations of source modules that must be performed.",1,C,0
q29,3,llama3:8b-instruct-q8_0,A,A,D,1,0.48,0.36,0.16,0.0,12,9,4,0,25,"Languages with a structure that implements abstract data types (e.g., a C++ class) can prevent access to components of this structure by all operations except those that are part of this structure. However, definitions of such a structure often contain declarations of components of the structure (e.g., the header file for a C++ class may contain declarations of its private components). For such a language, an object's name could be bound at run time to stack storage for its component values (direct representation) or to a stack pointer referencing heap storage for its component values (indirect representation). Which of the following statements about comparisons between direct and indirect representations is (are) true?
I. Indirect representation noticeably increases compilation time.
II. Direct representation decreases the time needed to access components of a variable.
III. When the storage size of some private component of a variable changes, indirect representation minimizes the number of recompilations of source modules that must be performed.",1,A,1
q30,0,llama3:8b-instruct-q8_0,B,C,C,0,0.0,1.0,0.0,0.0,0,25,0,0,25,Which of the following is NOT a property of bitmap graphics?,0,B,0
q30,1,llama3:8b-instruct-q8_0,A,B,C,0,1.0,0.0,0.0,0.0,25,0,0,0,25,Which of the following is NOT a property of bitmap graphics?,0,A,0
q30,2,llama3:8b-instruct-q8_0,D,A,C,0,0.0,0.0,0.0,1.0,0,0,0,25,25,Which of the following is NOT a property of bitmap graphics?,0,D,0
q30,3,llama3:8b-instruct-q8_0,C,D,C,0,0.0,0.0,1.0,0.0,0,0,25,0,25,Which of the following is NOT a property of bitmap graphics?,0,C,0
q33,0,llama3:8b-instruct-q8_0,B,D,D,0,0.0,0.48,0.36,0.16,0,12,9,4,25,"Bob writes down a number between 1 and 1,000. Mary must identify that number by asking ""yes/no"" questions of Bob. Mary knows that Bob always tells the truth. If Mary uses an optimal strategy, then she will determine the answer at the end of exactly how many questions in the worst case?",0,C,0
q33,1,llama3:8b-instruct-q8_0,A,C,D,0,0.56,0.44,0.0,0.0,14,11,0,0,25,"Bob writes down a number between 1 and 1,000. Mary must identify that number by asking ""yes/no"" questions of Bob. Mary knows that Bob always tells the truth. If Mary uses an optimal strategy, then she will determine the answer at the end of exactly how many questions in the worst case?",0,A,0
q33,2,llama3:8b-instruct-q8_0,A,B,D,0,1.0,0.0,0.0,0.0,25,0,0,0,25,"Bob writes down a number between 1 and 1,000. Mary must identify that number by asking ""yes/no"" questions of Bob. Mary knows that Bob always tells the truth. If Mary uses an optimal strategy, then she will determine the answer at the end of exactly how many questions in the worst case?",0,A,0
q33,3,llama3:8b-instruct-q8_0,D,A,D,0,0.28,0.0,0.28,0.44,7,0,7,11,25,"Bob writes down a number between 1 and 1,000. Mary must identify that number by asking ""yes/no"" questions of Bob. Mary knows that Bob always tells the truth. If Mary uses an optimal strategy, then she will determine the answer at the end of exactly how many questions in the worst case?",0,C,0
q35,0,llama3:8b-instruct-q8_0,B,B,B,1,0.0,1.0,0.0,0.0,0,25,0,0,25,Which of the following is usually NOT represented in a subroutine's activation record frame for a stack-based programming language?,1,B,1
q35,1,llama3:8b-instruct-q8_0,A,A,B,1,1.0,0.0,0.0,0.0,25,0,0,0,25,Which of the following is usually NOT represented in a subroutine's activation record frame for a stack-based programming language?,1,A,1
q35,2,llama3:8b-instruct-q8_0,D,D,B,1,0.0,0.0,0.0,1.0,0,0,0,25,25,Which of the following is usually NOT represented in a subroutine's activation record frame for a stack-based programming language?,1,D,1
q35,3,llama3:8b-instruct-q8_0,C,C,B,1,0.0,0.0,1.0,0.0,0,0,25,0,25,Which of the following is usually NOT represented in a subroutine's activation record frame for a stack-based programming language?,1,C,1
q36,0,llama3:8b-instruct-q8_0,A,C,C,0,1.0,0.0,0.0,0.0,25,0,0,0,25,Which of the following statements about a remote procedure call is true?,0,A,0
q36,1,llama3:8b-instruct-q8_0,B,B,C,1,0.0,1.0,0.0,0.0,0,25,0,0,25,Which of the following statements about a remote procedure call is true?,1,B,1
q36,2,llama3:8b-instruct-q8_0,A,A,C,1,0.64,0.36,0.0,0.0,16,9,0,0,25,Which of the following statements about a remote procedure call is true?,1,A,1
q36,3,llama3:8b-instruct-q8_0,B,D,C,0,0.0,1.0,0.0,0.0,0,25,0,0,25,Which of the following statements about a remote procedure call is true?,0,B,0
q37,0,llama3:8b-instruct-q8_0,C,C,C,1,0.0,0.0,1.0,0.0,0,0,25,0,25,"Of the following sorting algorithms, which has a running time that is LEAST dependent on the initial ordering of the input?",1,C,1
q37,1,llama3:8b-instruct-q8_0,B,B,C,1,0.0,1.0,0.0,0.0,0,25,0,0,25,"Of the following sorting algorithms, which has a running time that is LEAST dependent on the initial ordering of the input?",1,B,1
q37,2,llama3:8b-instruct-q8_0,A,A,C,1,1.0,0.0,0.0,0.0,25,0,0,0,25,"Of the following sorting algorithms, which has a running time that is LEAST dependent on the initial ordering of the input?",1,A,1
q37,3,llama3:8b-instruct-q8_0,D,D,C,1,0.0,0.0,0.0,1.0,0,0,0,25,25,"Of the following sorting algorithms, which has a running time that is LEAST dependent on the initial ordering of the input?",1,D,1
q38,0,llama3:8b-instruct-q8_0,B,D,D,0,0.0,0.72,0.28,0.0,0,18,7,0,25,"A particular parallel program computation requires 100 seconds when executed on a single processor. If 40 percent of this computation is ""inherently sequential"" (i.e., will not benefit from additional processors), then the theoretically best possible elapsed times for this program running with 2 and 4 processors, respectively, are",0,C,0
q38,1,llama3:8b-instruct-q8_0,B,C,D,0,0.2,0.8,0.0,0.0,5,20,0,0,25,"A particular parallel program computation requires 100 seconds when executed on a single processor. If 40 percent of this computation is ""inherently sequential"" (i.e., will not benefit from additional processors), then the theoretically best possible elapsed times for this program running with 2 and 4 processors, respectively, are",0,B,0
q38,2,llama3:8b-instruct-q8_0,A,B,D,0,0.48,0.24,0.0,0.28,12,6,0,7,25,"A particular parallel program computation requires 100 seconds when executed on a single processor. If 40 percent of this computation is ""inherently sequential"" (i.e., will not benefit from additional processors), then the theoretically best possible elapsed times for this program running with 2 and 4 processors, respectively, are",0,A,0
q38,3,llama3:8b-instruct-q8_0,A,A,D,1,0.64,0.0,0.0,0.36,16,0,0,9,25,"A particular parallel program computation requires 100 seconds when executed on a single processor. If 40 percent of this computation is ""inherently sequential"" (i.e., will not benefit from additional processors), then the theoretically best possible elapsed times for this program running with 2 and 4 processors, respectively, are",1,A,1
q39,0,llama3:8b-instruct-q8_0,C,D,D,0,0.44,0.0,0.56,0.0,11,0,14,0,25,"Consider the representation of six-bit numbers by two's complement, one's complement, or by sign and magnitude. In which representation is there overflow from the addition of the integers 011000 and 011000?",0,C,0
q39,1,llama3:8b-instruct-q8_0,D,C,D,0,0.0,0.36,0.0,0.64,0,9,0,16,25,"Consider the representation of six-bit numbers by two's complement, one's complement, or by sign and magnitude. In which representation is there overflow from the addition of the integers 011000 and 011000?",0,D,0
q39,2,llama3:8b-instruct-q8_0,C,B,D,0,0.0,0.36,0.64,0.0,0,9,16,0,25,"Consider the representation of six-bit numbers by two's complement, one's complement, or by sign and magnitude. In which representation is there overflow from the addition of the integers 011000 and 011000?",0,C,0
q39,3,llama3:8b-instruct-q8_0,D,A,D,0,0.0,0.36,0.0,0.64,0,9,0,16,25,"Consider the representation of six-bit numbers by two's complement, one's complement, or by sign and magnitude. In which representation is there overflow from the addition of the integers 011000 and 011000?",0,D,0
q41,0,llama3:8b-instruct-q8_0,A,A,A,1,1.0,0.0,0.0,0.0,25,0,0,0,25,Many cryptographic protocols base their security on assumptions about the computational difficulty of integer factorization. Integer factorization serves this purpose because we believe that,1,A,1
q41,1,llama3:8b-instruct-q8_0,B,D,A,0,0.0,1.0,0.0,0.0,0,25,0,0,25,Many cryptographic protocols base their security on assumptions about the computational difficulty of integer factorization. Integer factorization serves this purpose because we believe that,0,B,0
q41,2,llama3:8b-instruct-q8_0,C,C,A,1,0.0,0.0,1.0,0.0,0,0,25,0,25,Many cryptographic protocols base their security on assumptions about the computational difficulty of integer factorization. Integer factorization serves this purpose because we believe that,1,C,1
q41,3,llama3:8b-instruct-q8_0,B,B,A,1,0.0,1.0,0.0,0.0,0,25,0,0,25,Many cryptographic protocols base their security on assumptions about the computational difficulty of integer factorization. Integer factorization serves this purpose because we believe that,1,B,1
q42,0,llama3:8b-instruct-q8_0,B,D,D,0,0.0,0.52,0.0,0.48,0,13,0,12,25,Which of the following sets of bit strings CANNOT be described with a regular expression?,0,D,1
q42,1,llama3:8b-instruct-q8_0,D,C,D,0,0.0,0.0,0.0,1.0,0,0,0,25,25,Which of the following sets of bit strings CANNOT be described with a regular expression?,0,D,0
q42,2,llama3:8b-instruct-q8_0,B,B,D,1,0.0,0.56,0.44,0.0,0,14,11,0,25,Which of the following sets of bit strings CANNOT be described with a regular expression?,1,C,0
q42,3,llama3:8b-instruct-q8_0,B,A,D,0,0.28,0.64,0.0,0.08,7,16,0,2,25,Which of the following sets of bit strings CANNOT be described with a regular expression?,0,B,0
q43,0,llama3:8b-instruct-q8_0,D,A,A,0,0.0,0.0,0.24,0.76,0,0,6,19,25,"Which of the following conditions can be expressed by a Boolean formula in the Boolean variables p_1, p_2, p_3, p_4 and the connectives ∧,∨ (without ¬)?
I. At least three of p_1, p_2, p_3, p_4 are true.
II. Exactly three of p_1, p_2, p_3, p_4 are true.
III. An even number of p_1, p_2, p_3, p_4 are true.",0,D,0
q43,1,llama3:8b-instruct-q8_0,C,D,A,0,0.0,0.0,0.52,0.48,0,0,13,12,25,"Which of the following conditions can be expressed by a Boolean formula in the Boolean variables p_1, p_2, p_3, p_4 and the connectives ∧,∨ (without ¬)?
I. At least three of p_1, p_2, p_3, p_4 are true.
II. Exactly three of p_1, p_2, p_3, p_4 are true.
III. An even number of p_1, p_2, p_3, p_4 are true.",0,C,0
q43,2,llama3:8b-instruct-q8_0,B,C,A,0,0.32,0.64,0.04,0.0,8,16,1,0,25,"Which of the following conditions can be expressed by a Boolean formula in the Boolean variables p_1, p_2, p_3, p_4 and the connectives ∧,∨ (without ¬)?
I. At least three of p_1, p_2, p_3, p_4 are true.
II. Exactly three of p_1, p_2, p_3, p_4 are true.
III. An even number of p_1, p_2, p_3, p_4 are true.",0,A,0
q43,3,llama3:8b-instruct-q8_0,B,B,A,1,0.48,0.52,0.0,0.0,12,13,0,0,25,"Which of the following conditions can be expressed by a Boolean formula in the Boolean variables p_1, p_2, p_3, p_4 and the connectives ∧,∨ (without ¬)?
I. At least three of p_1, p_2, p_3, p_4 are true.
II. Exactly three of p_1, p_2, p_3, p_4 are true.
III. An even number of p_1, p_2, p_3, p_4 are true.",1,A,0
q44,0,llama3:8b-instruct-q8_0,B,D,D,0,0.12,0.52,0.0,0.36,3,13,0,9,25,"Two alternatives for interconnecting a set of processors with bidirectional links are (1) the fully interconnected network, in which each processor is directly connected to every other processor, and (2) the ring network, in which each processor is connected to two other processors. The worst-case path length for a network is the maximum, over all pairs of nodes in the network, of the minimum length paths (measured in number of links) between the nodes. For each type of interconnection of n processors, a figure of merit can be formed as the product of the number of links required for the network times the worst-case path length connecting any two processors. The ratio of this figure of merit for the fully interconnected network compared to that of the ring network, for even n > 2, is",0,D,1
q44,1,llama3:8b-instruct-q8_0,A,C,D,0,0.52,0.0,0.0,0.48,13,0,0,12,25,"Two alternatives for interconnecting a set of processors with bidirectional links are (1) the fully interconnected network, in which each processor is directly connected to every other processor, and (2) the ring network, in which each processor is connected to two other processors. The worst-case path length for a network is the maximum, over all pairs of nodes in the network, of the minimum length paths (measured in number of links) between the nodes. For each type of interconnection of n processors, a figure of merit can be formed as the product of the number of links required for the network times the worst-case path length connecting any two processors. The ratio of this figure of merit for the fully interconnected network compared to that of the ring network, for even n > 2, is",0,A,0
q44,2,llama3:8b-instruct-q8_0,D,B,D,0,0.0,0.2,0.16,0.64,0,5,4,16,25,"Two alternatives for interconnecting a set of processors with bidirectional links are (1) the fully interconnected network, in which each processor is directly connected to every other processor, and (2) the ring network, in which each processor is connected to two other processors. The worst-case path length for a network is the maximum, over all pairs of nodes in the network, of the minimum length paths (measured in number of links) between the nodes. For each type of interconnection of n processors, a figure of merit can be formed as the product of the number of links required for the network times the worst-case path length connecting any two processors. The ratio of this figure of merit for the fully interconnected network compared to that of the ring network, for even n > 2, is",0,D,0
q44,3,llama3:8b-instruct-q8_0,D,A,D,0,0.0,0.36,0.28,0.36,0,9,7,9,25,"Two alternatives for interconnecting a set of processors with bidirectional links are (1) the fully interconnected network, in which each processor is directly connected to every other processor, and (2) the ring network, in which each processor is connected to two other processors. The worst-case path length for a network is the maximum, over all pairs of nodes in the network, of the minimum length paths (measured in number of links) between the nodes. For each type of interconnection of n processors, a figure of merit can be formed as the product of the number of links required for the network times the worst-case path length connecting any two processors. The ratio of this figure of merit for the fully interconnected network compared to that of the ring network, for even n > 2, is",0,C,0
q47,0,llama3:8b-instruct-q8_0,D,D,D,1,0.0,0.0,0.0,1.0,0,0,0,25,25,Which of the following decimal numbers has an exact representation in binary notation?,1,D,1
q47,1,llama3:8b-instruct-q8_0,C,C,D,1,0.0,0.0,1.0,0.0,0,0,25,0,25,Which of the following decimal numbers has an exact representation in binary notation?,1,C,1
q47,2,llama3:8b-instruct-q8_0,B,B,D,1,0.0,1.0,0.0,0.0,0,25,0,0,25,Which of the following decimal numbers has an exact representation in binary notation?,1,B,1
q47,3,llama3:8b-instruct-q8_0,A,A,D,1,1.0,0.0,0.0,0.0,25,0,0,0,25,Which of the following decimal numbers has an exact representation in binary notation?,1,A,1
q48,0,llama3:8b-instruct-q8_0,B,A,A,0,0.48,0.52,0.0,0.0,12,13,0,0,25,"Function signatures describe the types of the arguments to a function as well as the return value of the function. For instance, the addition function on reals has a signature of
add : real x real -> real
since it takes two real numbers and returns a real number. But, for a language that allows functions as return values, addition could be considered to have the signature
add : real -> (real -> real)
which means that add takes a single real (the first operand) and returns a new function that itself takes a single real (the second operand) and returns a real (the result). This process of reducing a function with multiple arguments to a function with fewer arguments is called currying. Which of the following is correct?",0,A,1
q48,1,llama3:8b-instruct-q8_0,D,D,A,1,0.0,0.44,0.0,0.56,0,11,0,14,25,"Function signatures describe the types of the arguments to a function as well as the return value of the function. For instance, the addition function on reals has a signature of
add : real x real -> real
since it takes two real numbers and returns a real number. But, for a language that allows functions as return values, addition could be considered to have the signature
add : real -> (real -> real)
which means that add takes a single real (the first operand) and returns a new function that itself takes a single real (the second operand) and returns a real (the result). This process of reducing a function with multiple arguments to a function with fewer arguments is called currying. Which of the following is correct?",1,D,1
q48,2,llama3:8b-instruct-q8_0,B,C,A,0,0.0,0.68,0.32,0.0,0,17,8,0,25,"Function signatures describe the types of the arguments to a function as well as the return value of the function. For instance, the addition function on reals has a signature of
add : real x real -> real
since it takes two real numbers and returns a real number. But, for a language that allows functions as return values, addition could be considered to have the signature
add : real -> (real -> real)
which means that add takes a single real (the first operand) and returns a new function that itself takes a single real (the second operand) and returns a real (the result). This process of reducing a function with multiple arguments to a function with fewer arguments is called currying. Which of the following is correct?",0,C,1
q48,3,llama3:8b-instruct-q8_0,B,B,A,1,0.0,1.0,0.0,0.0,0,25,0,0,25,"Function signatures describe the types of the arguments to a function as well as the return value of the function. For instance, the addition function on reals has a signature of
add : real x real -> real
since it takes two real numbers and returns a real number. But, for a language that allows functions as return values, addition could be considered to have the signature
add : real -> (real -> real)
which means that add takes a single real (the first operand) and returns a new function that itself takes a single real (the second operand) and returns a real (the result). This process of reducing a function with multiple arguments to a function with fewer arguments is called currying. Which of the following is correct?",1,B,1
q49,0,llama3:8b-instruct-q8_0,B,A,A,0,0.28,0.36,0.32,0.04,7,9,8,1,25,"Array A contains 256 elements of 4 bytes each. Its first element is stored at physical address 4,096.
Array B contains 512 elements of 4 bytes each. Its first element is stored at physical address 8,192.
Assume that only arrays A and B can be cached in an initially empty, physically addressed, physically tagged, direct-mapped, 2K-byte cache with an 8-byte block size. The following loop is then executed.
for (i = 0; i < 256; i++)
        A[i] = A[i] + B[2*i];
During the execution of the loop, how many bytes will be written to memory if the cache has a write-back policy?",0,C,0
q49,1,llama3:8b-instruct-q8_0,D,D,A,1,0.0,0.24,0.0,0.76,0,6,0,19,25,"Array A contains 256 elements of 4 bytes each. Its first element is stored at physical address 4,096.
Array B contains 512 elements of 4 bytes each. Its first element is stored at physical address 8,192.
Assume that only arrays A and B can be cached in an initially empty, physically addressed, physically tagged, direct-mapped, 2K-byte cache with an 8-byte block size. The following loop is then executed.
for (i = 0; i < 256; i++)
        A[i] = A[i] + B[2*i];
During the execution of the loop, how many bytes will be written to memory if the cache has a write-back policy?",1,D,1
q49,2,llama3:8b-instruct-q8_0,C,C,A,1,0.0,0.2,0.72,0.08,0,5,18,2,25,"Array A contains 256 elements of 4 bytes each. Its first element is stored at physical address 4,096.
Array B contains 512 elements of 4 bytes each. Its first element is stored at physical address 8,192.
Assume that only arrays A and B can be cached in an initially empty, physically addressed, physically tagged, direct-mapped, 2K-byte cache with an 8-byte block size. The following loop is then executed.
for (i = 0; i < 256; i++)
        A[i] = A[i] + B[2*i];
During the execution of the loop, how many bytes will be written to memory if the cache has a write-back policy?",1,C,1
q49,3,llama3:8b-instruct-q8_0,B,B,A,1,0.0,1.0,0.0,0.0,0,25,0,0,25,"Array A contains 256 elements of 4 bytes each. Its first element is stored at physical address 4,096.
Array B contains 512 elements of 4 bytes each. Its first element is stored at physical address 8,192.
Assume that only arrays A and B can be cached in an initially empty, physically addressed, physically tagged, direct-mapped, 2K-byte cache with an 8-byte block size. The following loop is then executed.
for (i = 0; i < 256; i++)
        A[i] = A[i] + B[2*i];
During the execution of the loop, how many bytes will be written to memory if the cache has a write-back policy?",1,B,1
q50,0,llama3:8b-instruct-q8_0,B,D,D,0,0.0,0.64,0.36,0.0,0,16,9,0,25,"In which of the following representations of numbers by 8-bit words is the addition of the integers 109 and -42 within range?
I. One's complement
II. Two's complement
III. Sign and magnitude",0,C,0
q50,1,llama3:8b-instruct-q8_0,A,C,D,0,0.56,0.44,0.0,0.0,14,11,0,0,25,"In which of the following representations of numbers by 8-bit words is the addition of the integers 109 and -42 within range?
I. One's complement
II. Two's complement
III. Sign and magnitude",0,A,0
q50,2,llama3:8b-instruct-q8_0,D,B,D,0,0.44,0.0,0.0,0.56,11,0,0,14,25,"In which of the following representations of numbers by 8-bit words is the addition of the integers 109 and -42 within range?
I. One's complement
II. Two's complement
III. Sign and magnitude",0,D,0
q50,3,llama3:8b-instruct-q8_0,D,A,D,0,0.0,0.0,0.44,0.56,0,0,11,14,25,"In which of the following representations of numbers by 8-bit words is the addition of the integers 109 and -42 within range?
I. One's complement
II. Two's complement
III. Sign and magnitude",0,C,0
q51,0,llama3:8b-instruct-q8_0,B,D,D,0,0.0,1.0,0.0,0.0,0,25,0,0,25,If a malicious process is granted temporary administrator-level access to a system,0,B,0
q51,1,llama3:8b-instruct-q8_0,B,C,D,0,0.0,0.6,0.4,0.0,0,15,10,0,25,If a malicious process is granted temporary administrator-level access to a system,0,C,1
q51,2,llama3:8b-instruct-q8_0,D,B,D,0,0.0,0.0,0.0,1.0,0,0,0,25,25,If a malicious process is granted temporary administrator-level access to a system,0,D,0
q51,3,llama3:8b-instruct-q8_0,B,A,D,0,0.0,0.68,0.32,0.0,0,17,8,0,25,If a malicious process is granted temporary administrator-level access to a system,0,C,0
q52,0,llama3:8b-instruct-q8_0,D,B,B,0,0.0,0.0,0.04,0.96,0,0,1,24,25,"Which of the following statements about horizontal versus vertical microarchitecture is (are) true?
I. Programs for horizontal architectures require more time steps than those for vertical architectures.
II. Horizontal microinstructions are unencoded.
III. Horizontal microinstructions usually have a single opcode and multiple operand specifiers.",0,D,0
q52,1,llama3:8b-instruct-q8_0,C,A,B,0,0.0,0.48,0.52,0.0,0,12,13,0,25,"Which of the following statements about horizontal versus vertical microarchitecture is (are) true?
I. Programs for horizontal architectures require more time steps than those for vertical architectures.
II. Horizontal microinstructions are unencoded.
III. Horizontal microinstructions usually have a single opcode and multiple operand specifiers.",0,C,0
q52,2,llama3:8b-instruct-q8_0,B,D,B,0,0.16,0.84,0.0,0.0,4,21,0,0,25,"Which of the following statements about horizontal versus vertical microarchitecture is (are) true?
I. Programs for horizontal architectures require more time steps than those for vertical architectures.
II. Horizontal microinstructions are unencoded.
III. Horizontal microinstructions usually have a single opcode and multiple operand specifiers.",0,B,0
q52,3,llama3:8b-instruct-q8_0,A,C,B,0,0.76,0.0,0.0,0.24,19,0,0,6,25,"Which of the following statements about horizontal versus vertical microarchitecture is (are) true?
I. Programs for horizontal architectures require more time steps than those for vertical architectures.
II. Horizontal microinstructions are unencoded.
III. Horizontal microinstructions usually have a single opcode and multiple operand specifiers.",0,A,0
q53,0,llama3:8b-instruct-q8_0,A,C,C,0,0.64,0.0,0.36,0.0,16,0,9,0,25,"A ""strictly binary tree"" is a binary tree in which every node that is not a leaf has two children. Suppose that for a class of strictly binary trees there exists c > 0 such that, for any tree in the class, the ratio of the lengths of any two root-to-leaf paths is bounded above by c. Which of the following best characterizes the height h of any tree in this class, where N is the number of nodes in the tree and N > 1 ?",0,A,0
q53,1,llama3:8b-instruct-q8_0,D,B,C,0,0.0,0.0,0.0,1.0,0,0,0,25,25,"A ""strictly binary tree"" is a binary tree in which every node that is not a leaf has two children. Suppose that for a class of strictly binary trees there exists c > 0 such that, for any tree in the class, the ratio of the lengths of any two root-to-leaf paths is bounded above by c. Which of the following best characterizes the height h of any tree in this class, where N is the number of nodes in the tree and N > 1 ?",0,D,0
q53,2,llama3:8b-instruct-q8_0,C,A,C,0,0.0,0.0,0.64,0.36,0,0,16,9,25,"A ""strictly binary tree"" is a binary tree in which every node that is not a leaf has two children. Suppose that for a class of strictly binary trees there exists c > 0 such that, for any tree in the class, the ratio of the lengths of any two root-to-leaf paths is bounded above by c. Which of the following best characterizes the height h of any tree in this class, where N is the number of nodes in the tree and N > 1 ?",0,C,0
q53,3,llama3:8b-instruct-q8_0,C,D,C,0,0.0,0.4,0.48,0.12,0,10,12,3,25,"A ""strictly binary tree"" is a binary tree in which every node that is not a leaf has two children. Suppose that for a class of strictly binary trees there exists c > 0 such that, for any tree in the class, the ratio of the lengths of any two root-to-leaf paths is bounded above by c. Which of the following best characterizes the height h of any tree in this class, where N is the number of nodes in the tree and N > 1 ?",0,C,0
q55,0,llama3:8b-instruct-q8_0,B,A,A,0,0.0,1.0,0.0,0.0,0,25,0,0,25,"Consider the following equations concerning a stack module that has the operations Push, Pop, Top, and IsEmpty. Which of the equations does NOT represent the conventional semantics of a stack?",0,B,0
q55,1,llama3:8b-instruct-q8_0,B,D,A,0,0.0,0.76,0.0,0.24,0,19,0,6,25,"Consider the following equations concerning a stack module that has the operations Push, Pop, Top, and IsEmpty. Which of the equations does NOT represent the conventional semantics of a stack?",0,B,0
q55,2,llama3:8b-instruct-q8_0,B,C,A,0,0.0,1.0,0.0,0.0,0,25,0,0,25,"Consider the following equations concerning a stack module that has the operations Push, Pop, Top, and IsEmpty. Which of the equations does NOT represent the conventional semantics of a stack?",0,B,0
q55,3,llama3:8b-instruct-q8_0,B,B,A,1,0.0,1.0,0.0,0.0,0,25,0,0,25,"Consider the following equations concerning a stack module that has the operations Push, Pop, Top, and IsEmpty. Which of the equations does NOT represent the conventional semantics of a stack?",1,B,1
q56,0,llama3:8b-instruct-q8_0,C,C,C,1,0.0,0.36,0.52,0.12,0,9,13,3,25,"Assume that any assignment statement can be executed in unit time. If as many identical processors as needed are used, what is the minimum number of time units needed to execute the assignments
A := B + C
B := A - B
C := A * E
D := A/F
E := B - C
F := A + B
with the same result as if the assignments were executed in the order shown?",1,C,1
q56,1,llama3:8b-instruct-q8_0,B,B,C,1,0.32,0.36,0.32,0.0,8,9,8,0,25,"Assume that any assignment statement can be executed in unit time. If as many identical processors as needed are used, what is the minimum number of time units needed to execute the assignments
A := B + C
B := A - B
C := A * E
D := A/F
E := B - C
F := A + B
with the same result as if the assignments were executed in the order shown?",1,C,0
q56,2,llama3:8b-instruct-q8_0,B,A,C,0,0.36,0.36,0.0,0.28,9,9,0,7,25,"Assume that any assignment statement can be executed in unit time. If as many identical processors as needed are used, what is the minimum number of time units needed to execute the assignments
A := B + C
B := A - B
C := A * E
D := A/F
E := B - C
F := A + B
with the same result as if the assignments were executed in the order shown?",0,A,1
q56,3,llama3:8b-instruct-q8_0,A,D,C,0,0.76,0.0,0.0,0.24,19,0,0,6,25,"Assume that any assignment statement can be executed in unit time. If as many identical processors as needed are used, what is the minimum number of time units needed to execute the assignments
A := B + C
B := A - B
C := A * E
D := A/F
E := B - C
F := A + B
with the same result as if the assignments were executed in the order shown?",0,A,0
q57,0,llama3:8b-instruct-q8_0,D,D,D,1,0.36,0.24,0.0,0.4,9,6,0,10,25,"Two expressions E and F are said to be unifiable if there are substitutions for the variables of E and F that make the expressions lexically identical. In the following three expressions, only w, x, y, and z are variables.
I. f(w,w)
II. f(x,1)
III. f(y,g(z))
Which pairs of these expressions is (are) pairs of unifiable expressions?",1,D,1
q57,1,llama3:8b-instruct-q8_0,D,C,D,0,0.24,0.0,0.0,0.76,6,0,0,19,25,"Two expressions E and F are said to be unifiable if there are substitutions for the variables of E and F that make the expressions lexically identical. In the following three expressions, only w, x, y, and z are variables.
I. f(w,w)
II. f(x,1)
III. f(y,g(z))
Which pairs of these expressions is (are) pairs of unifiable expressions?",0,D,0
q57,2,llama3:8b-instruct-q8_0,C,B,D,0,0.0,0.0,0.56,0.44,0,0,14,11,25,"Two expressions E and F are said to be unifiable if there are substitutions for the variables of E and F that make the expressions lexically identical. In the following three expressions, only w, x, y, and z are variables.
I. f(w,w)
II. f(x,1)
III. f(y,g(z))
Which pairs of these expressions is (are) pairs of unifiable expressions?",0,C,0
q57,3,llama3:8b-instruct-q8_0,B,A,D,0,0.16,0.52,0.32,0.0,4,13,8,0,25,"Two expressions E and F are said to be unifiable if there are substitutions for the variables of E and F that make the expressions lexically identical. In the following three expressions, only w, x, y, and z are variables.
I. f(w,w)
II. f(x,1)
III. f(y,g(z))
Which pairs of these expressions is (are) pairs of unifiable expressions?",0,C,0
q58,0,llama3:8b-instruct-q8_0,B,D,D,0,0.36,0.36,0.28,0.0,9,9,7,0,25,Which of the following instruction-set features is NOT generally considered an obstacle to aggressive pipelining of an integer unit?,0,C,0
q58,1,llama3:8b-instruct-q8_0,B,C,D,0,0.36,0.64,0.0,0.0,9,16,0,0,25,Which of the following instruction-set features is NOT generally considered an obstacle to aggressive pipelining of an integer unit?,0,A,0
q58,2,llama3:8b-instruct-q8_0,A,B,D,0,0.48,0.36,0.0,0.16,12,9,0,4,25,Which of the following instruction-set features is NOT generally considered an obstacle to aggressive pipelining of an integer unit?,0,A,0
q58,3,llama3:8b-instruct-q8_0,B,A,D,0,0.28,0.36,0.0,0.36,7,9,0,9,25,Which of the following instruction-set features is NOT generally considered an obstacle to aggressive pipelining of an integer unit?,0,D,0
q59,0,llama3:8b-instruct-q8_0,B,B,B,1,0.48,0.52,0.0,0.0,12,13,0,0,25,"Let k >= 2. Let L be the set of strings in {0, 1}^* such that x \in L if and only if the number of 0's in x is divisible by k and the number of 1's in x is odd. The minimum number of states in a deterministic finite automaton (DFA) that recognizes L is",1,A,0
q59,1,llama3:8b-instruct-q8_0,D,A,B,0,0.0,0.0,0.0,1.0,0,0,0,25,25,"Let k >= 2. Let L be the set of strings in {0, 1}^* such that x \in L if and only if the number of 0's in x is divisible by k and the number of 1's in x is odd. The minimum number of states in a deterministic finite automaton (DFA) that recognizes L is",0,D,0
q59,2,llama3:8b-instruct-q8_0,D,D,B,1,0.0,0.0,0.0,1.0,0,0,0,25,25,"Let k >= 2. Let L be the set of strings in {0, 1}^* such that x \in L if and only if the number of 0's in x is divisible by k and the number of 1's in x is odd. The minimum number of states in a deterministic finite automaton (DFA) that recognizes L is",1,D,1
q59,3,llama3:8b-instruct-q8_0,C,C,B,1,0.0,0.36,0.64,0.0,0,9,16,0,25,"Let k >= 2. Let L be the set of strings in {0, 1}^* such that x \in L if and only if the number of 0's in x is divisible by k and the number of 1's in x is odd. The minimum number of states in a deterministic finite automaton (DFA) that recognizes L is",1,C,1
q60,0,llama3:8b-instruct-q8_0,D,D,D,1,0.28,0.36,0.0,0.36,7,9,0,9,25,"Let G = (V, E) be a finite directed acyclic graph with |E| > 0. Which of the following must be true?
I. G has a vertex with no incoming edge.
II. G has a vertex with no outgoing edge.
III. G has an isolated vertex, that is, one with neither an incoming edge nor an outgoing edge.",1,D,1
q60,1,llama3:8b-instruct-q8_0,D,C,D,0,0.36,0.0,0.0,0.64,9,0,0,16,25,"Let G = (V, E) be a finite directed acyclic graph with |E| > 0. Which of the following must be true?
I. G has a vertex with no incoming edge.
II. G has a vertex with no outgoing edge.
III. G has an isolated vertex, that is, one with neither an incoming edge nor an outgoing edge.",0,D,0
q60,2,llama3:8b-instruct-q8_0,A,B,D,0,0.52,0.08,0.4,0.0,13,2,10,0,25,"Let G = (V, E) be a finite directed acyclic graph with |E| > 0. Which of the following must be true?
I. G has a vertex with no incoming edge.
II. G has a vertex with no outgoing edge.
III. G has an isolated vertex, that is, one with neither an incoming edge nor an outgoing edge.",0,C,0
q60,3,llama3:8b-instruct-q8_0,B,A,D,0,0.44,0.56,0.0,0.0,11,14,0,0,25,"Let G = (V, E) be a finite directed acyclic graph with |E| > 0. Which of the following must be true?
I. G has a vertex with no incoming edge.
II. G has a vertex with no outgoing edge.
III. G has an isolated vertex, that is, one with neither an incoming edge nor an outgoing edge.",0,A,1
q61,0,llama3:8b-instruct-q8_0,B,D,D,0,0.28,0.32,0.12,0.28,7,8,3,7,25,"Let T be a depth-first search tree of a connected undirected graph G. For each vertex v of T, let pre(v) be the number of nodes visited up to and including v during a preorder traversal of T, and post(v) be the number of nodes visited up to and including v during a postorder traversal of T. The lowest common ancestor of vertices u and v in T is a vertex w of T such that w is an ancestor of both u and v, and no child of w is an ancestor of both u and v. Let (u, v) be an edge in G that is not in T, such that pre(u) < pre(v). Which of the following statements about u and v must be true?
I. post(u) < post(v)
II. u is an ancestor of v in T.
III. If w is the lowest common ancestor of u and v in T, then w = u.",0,A,0
q61,1,llama3:8b-instruct-q8_0,A,C,D,0,0.4,0.28,0.32,0.0,10,7,8,0,25,"Let T be a depth-first search tree of a connected undirected graph G. For each vertex v of T, let pre(v) be the number of nodes visited up to and including v during a preorder traversal of T, and post(v) be the number of nodes visited up to and including v during a postorder traversal of T. The lowest common ancestor of vertices u and v in T is a vertex w of T such that w is an ancestor of both u and v, and no child of w is an ancestor of both u and v. Let (u, v) be an edge in G that is not in T, such that pre(u) < pre(v). Which of the following statements about u and v must be true?
I. post(u) < post(v)
II. u is an ancestor of v in T.
III. If w is the lowest common ancestor of u and v in T, then w = u.",0,C,1
q61,2,llama3:8b-instruct-q8_0,B,B,D,1,0.16,0.52,0.0,0.32,4,13,0,8,25,"Let T be a depth-first search tree of a connected undirected graph G. For each vertex v of T, let pre(v) be the number of nodes visited up to and including v during a preorder traversal of T, and post(v) be the number of nodes visited up to and including v during a postorder traversal of T. The lowest common ancestor of vertices u and v in T is a vertex w of T such that w is an ancestor of both u and v, and no child of w is an ancestor of both u and v. Let (u, v) be an edge in G that is not in T, such that pre(u) < pre(v). Which of the following statements about u and v must be true?
I. post(u) < post(v)
II. u is an ancestor of v in T.
III. If w is the lowest common ancestor of u and v in T, then w = u.",1,D,0
q61,3,llama3:8b-instruct-q8_0,A,A,D,1,0.44,0.36,0.2,0.0,11,9,5,0,25,"Let T be a depth-first search tree of a connected undirected graph G. For each vertex v of T, let pre(v) be the number of nodes visited up to and including v during a preorder traversal of T, and post(v) be the number of nodes visited up to and including v during a postorder traversal of T. The lowest common ancestor of vertices u and v in T is a vertex w of T such that w is an ancestor of both u and v, and no child of w is an ancestor of both u and v. Let (u, v) be an edge in G that is not in T, such that pre(u) < pre(v). Which of the following statements about u and v must be true?
I. post(u) < post(v)
II. u is an ancestor of v in T.
III. If w is the lowest common ancestor of u and v in T, then w = u.",1,A,1
q62,0,llama3:8b-instruct-q8_0,B,B,B,1,0.0,0.68,0.0,0.32,0,17,0,8,25,"In systems with support for automatic memory management, a garbage collector typically has the responsibility for reclaiming allocated memory objects whose contents cannot affect any future legal computation. Such objects are identified by determining that they cannot be reached from a root set. Which of the following is NOT part of the root set in a typical garbage collector?",1,D,0
q62,1,llama3:8b-instruct-q8_0,C,A,B,0,0.2,0.28,0.52,0.0,5,7,13,0,25,"In systems with support for automatic memory management, a garbage collector typically has the responsibility for reclaiming allocated memory objects whose contents cannot affect any future legal computation. Such objects are identified by determining that they cannot be reached from a root set. Which of the following is NOT part of the root set in a typical garbage collector?",0,C,0
q62,2,llama3:8b-instruct-q8_0,D,D,B,1,0.0,0.48,0.0,0.52,0,12,0,13,25,"In systems with support for automatic memory management, a garbage collector typically has the responsibility for reclaiming allocated memory objects whose contents cannot affect any future legal computation. Such objects are identified by determining that they cannot be reached from a root set. Which of the following is NOT part of the root set in a typical garbage collector?",1,D,1
q62,3,llama3:8b-instruct-q8_0,C,C,B,1,0.0,0.0,0.56,0.44,0,0,14,11,25,"In systems with support for automatic memory management, a garbage collector typically has the responsibility for reclaiming allocated memory objects whose contents cannot affect any future legal computation. Such objects are identified by determining that they cannot be reached from a root set. Which of the following is NOT part of the root set in a typical garbage collector?",1,C,1
q63,0,llama3:8b-instruct-q8_0,D,D,D,1,0.0,0.0,0.0,1.0,0,0,0,25,25,"In the Internet Protocol (IP) suite of protocols, which of the following best describes the purpose of the Address Resolution Protocol?",1,D,1
q63,1,llama3:8b-instruct-q8_0,C,C,D,1,0.0,0.0,1.0,0.0,0,0,25,0,25,"In the Internet Protocol (IP) suite of protocols, which of the following best describes the purpose of the Address Resolution Protocol?",1,C,1
q63,2,llama3:8b-instruct-q8_0,B,B,D,1,0.0,1.0,0.0,0.0,0,25,0,0,25,"In the Internet Protocol (IP) suite of protocols, which of the following best describes the purpose of the Address Resolution Protocol?",1,B,1
q63,3,llama3:8b-instruct-q8_0,A,A,D,1,1.0,0.0,0.0,0.0,25,0,0,0,25,"In the Internet Protocol (IP) suite of protocols, which of the following best describes the purpose of the Address Resolution Protocol?",1,A,1
q64,0,llama3:8b-instruct-q8_0,A,A,A,1,1.0,0.0,0.0,0.0,25,0,0,0,25,Which of the following language features requires that stack-based storage allocation be used rather than static allocation?,1,A,1
q64,1,llama3:8b-instruct-q8_0,D,D,A,1,0.0,0.0,0.0,1.0,0,0,0,25,25,Which of the following language features requires that stack-based storage allocation be used rather than static allocation?,1,D,1
q64,2,llama3:8b-instruct-q8_0,C,C,A,1,0.0,0.0,1.0,0.0,0,0,25,0,25,Which of the following language features requires that stack-based storage allocation be used rather than static allocation?,1,C,1
q64,3,llama3:8b-instruct-q8_0,B,B,A,1,0.0,1.0,0.0,0.0,0,25,0,0,25,Which of the following language features requires that stack-based storage allocation be used rather than static allocation?,1,B,1
q65,0,llama3:8b-instruct-q8_0,B,A,A,0,0.0,0.8,0.0,0.2,0,20,0,5,25,"Which of the following is not a sentence that is generated by the grammar A -> BC, B -> x|Bx, C -> B|D, D -> y|Ey, E -> z?",0,B,0
q65,1,llama3:8b-instruct-q8_0,B,D,A,0,0.28,0.36,0.0,0.36,7,9,0,9,25,"Which of the following is not a sentence that is generated by the grammar A -> BC, B -> x|Bx, C -> B|D, D -> y|Ey, E -> z?",0,D,1
q65,2,llama3:8b-instruct-q8_0,D,C,A,0,0.28,0.0,0.08,0.64,7,0,2,16,25,"Which of the following is not a sentence that is generated by the grammar A -> BC, B -> x|Bx, C -> B|D, D -> y|Ey, E -> z?",0,D,0
q65,3,llama3:8b-instruct-q8_0,B,B,A,1,0.12,0.32,0.28,0.28,3,8,7,7,25,"Which of the following is not a sentence that is generated by the grammar A -> BC, B -> x|Bx, C -> B|D, D -> y|Ey, E -> z?",1,C,0
q66,0,llama3:8b-instruct-q8_0,A,C,C,0,0.36,0.36,0.28,0.0,9,9,7,0,25,Let T (n) be defined by T(1) = 7 and T(n + 1) = 3n + T(n) for all integers n ≥ 1. Which of the following represents the order of growth of T(n) as a function of n?,0,C,1
q66,1,llama3:8b-instruct-q8_0,D,B,C,0,0.12,0.0,0.0,0.88,3,0,0,22,25,Let T (n) be defined by T(1) = 7 and T(n + 1) = 3n + T(n) for all integers n ≥ 1. Which of the following represents the order of growth of T(n) as a function of n?,0,D,0
q66,2,llama3:8b-instruct-q8_0,C,A,C,0,0.0,0.0,0.52,0.48,0,0,13,12,25,Let T (n) be defined by T(1) = 7 and T(n + 1) = 3n + T(n) for all integers n ≥ 1. Which of the following represents the order of growth of T(n) as a function of n?,0,C,0
q66,3,llama3:8b-instruct-q8_0,C,D,C,0,0.0,0.0,0.72,0.28,0,0,18,7,25,Let T (n) be defined by T(1) = 7 and T(n + 1) = 3n + T(n) for all integers n ≥ 1. Which of the following represents the order of growth of T(n) as a function of n?,0,C,0
q67,0,llama3:8b-instruct-q8_0,B,A,A,0,0.28,0.44,0.28,0.0,7,11,7,0,25,"Which of the following problems is (are) decidable?
I. Given a (finite) string w, is w a prefix of the decimal expansion of π?
II. Given a program and an input, is the program’s output the decimal expansion of π?
III. Given a program that takes as input a prefix of the decimal expansion of π, is the program’s output always the same for every prefix?",0,C,0
q67,1,llama3:8b-instruct-q8_0,D,D,A,1,0.32,0.28,0.0,0.4,8,7,0,10,25,"Which of the following problems is (are) decidable?
I. Given a (finite) string w, is w a prefix of the decimal expansion of π?
II. Given a program and an input, is the program’s output the decimal expansion of π?
III. Given a program that takes as input a prefix of the decimal expansion of π, is the program’s output always the same for every prefix?",1,D,1
q67,2,llama3:8b-instruct-q8_0,A,C,A,0,0.52,0.16,0.32,0.0,13,4,8,0,25,"Which of the following problems is (are) decidable?
I. Given a (finite) string w, is w a prefix of the decimal expansion of π?
II. Given a program and an input, is the program’s output the decimal expansion of π?
III. Given a program that takes as input a prefix of the decimal expansion of π, is the program’s output always the same for every prefix?",0,C,1
q67,3,llama3:8b-instruct-q8_0,B,B,A,1,0.4,0.56,0.0,0.04,10,14,0,1,25,"Which of the following problems is (are) decidable?
I. Given a (finite) string w, is w a prefix of the decimal expansion of π?
II. Given a program and an input, is the program’s output the decimal expansion of π?
III. Given a program that takes as input a prefix of the decimal expansion of π, is the program’s output always the same for every prefix?",1,A,0
q68,0,llama3:8b-instruct-q8_0,C,B,B,0,0.0,0.28,0.72,0.0,0,7,18,0,25,"Which of the following statements about circuits is (are) true?
I. Combinational circuits may have feedback; sequential circuits do not.
II. Combinational circuits have a ""memoryless"" property; sequential circuits do not.
III. Both sequential and combinational circuits must be controlled by an external clock.",0,C,0
q68,1,llama3:8b-instruct-q8_0,B,A,B,0,0.12,0.88,0.0,0.0,3,22,0,0,25,"Which of the following statements about circuits is (are) true?
I. Combinational circuits may have feedback; sequential circuits do not.
II. Combinational circuits have a ""memoryless"" property; sequential circuits do not.
III. Both sequential and combinational circuits must be controlled by an external clock.",0,B,0
q68,2,llama3:8b-instruct-q8_0,A,D,B,0,0.6,0.28,0.0,0.12,15,7,0,3,25,"Which of the following statements about circuits is (are) true?
I. Combinational circuits may have feedback; sequential circuits do not.
II. Combinational circuits have a ""memoryless"" property; sequential circuits do not.
III. Both sequential and combinational circuits must be controlled by an external clock.",0,A,0
q68,3,llama3:8b-instruct-q8_0,D,C,B,0,0.0,0.0,0.0,1.0,0,0,0,25,25,"Which of the following statements about circuits is (are) true?
I. Combinational circuits may have feedback; sequential circuits do not.
II. Combinational circuits have a ""memoryless"" property; sequential circuits do not.
III. Both sequential and combinational circuits must be controlled by an external clock.",0,D,0
q69,0,llama3:8b-instruct-q8_0,B,B,B,1,0.0,0.52,0.36,0.12,0,13,9,3,25,"Two single-user workstations are attached to the same local area network. On one of these workstations, file pages are accessed over the network from a file server; the average access time per page is 0.1 second. On the other of these workstations, file pages are accessed from a local disk; the average access time per page is 0.05 second. A particular compilation requires 30 seconds of computation and 200 file page accesses. What is the ratio of the total time required by this compilation if run on the diskless (file server) workstation to the total time required if run on the workstation with the local disk, if it is assumed that computation is not overlapped with file access?",1,C,0
q69,1,llama3:8b-instruct-q8_0,B,A,B,0,0.48,0.52,0.0,0.0,12,13,0,0,25,"Two single-user workstations are attached to the same local area network. On one of these workstations, file pages are accessed over the network from a file server; the average access time per page is 0.1 second. On the other of these workstations, file pages are accessed from a local disk; the average access time per page is 0.05 second. A particular compilation requires 30 seconds of computation and 200 file page accesses. What is the ratio of the total time required by this compilation if run on the diskless (file server) workstation to the total time required if run on the workstation with the local disk, if it is assumed that computation is not overlapped with file access?",0,A,1
q69,2,llama3:8b-instruct-q8_0,A,D,B,0,0.64,0.0,0.0,0.36,16,0,0,9,25,"Two single-user workstations are attached to the same local area network. On one of these workstations, file pages are accessed over the network from a file server; the average access time per page is 0.1 second. On the other of these workstations, file pages are accessed from a local disk; the average access time per page is 0.05 second. A particular compilation requires 30 seconds of computation and 200 file page accesses. What is the ratio of the total time required by this compilation if run on the diskless (file server) workstation to the total time required if run on the workstation with the local disk, if it is assumed that computation is not overlapped with file access?",0,A,0
q69,3,llama3:8b-instruct-q8_0,A,C,B,0,0.56,0.0,0.0,0.44,14,0,0,11,25,"Two single-user workstations are attached to the same local area network. On one of these workstations, file pages are accessed over the network from a file server; the average access time per page is 0.1 second. On the other of these workstations, file pages are accessed from a local disk; the average access time per page is 0.05 second. A particular compilation requires 30 seconds of computation and 200 file page accesses. What is the ratio of the total time required by this compilation if run on the diskless (file server) workstation to the total time required if run on the workstation with the local disk, if it is assumed that computation is not overlapped with file access?",0,A,0
q70,0,llama3:8b-instruct-q8_0,B,A,A,0,0.32,0.68,0.0,0.0,8,17,0,0,25,"Assume that a debugger places a breakpoint at a load instruction at virtual address 0x77E81234 (hexadecimal notation) in a debugged process P. If the text segment of P begins at 0x77E80000 in P’s virtual address space and if the debugger has mapped this same text segment at 0x01000000 in its virtual address space, which of the following is the virtual address used by the debugger in its WRITE operation, along with a description of how the debugger has mapped the virtual memory page containing this address?",0,A,1
q70,1,llama3:8b-instruct-q8_0,D,D,A,1,0.0,0.0,0.32,0.68,0,0,8,17,25,"Assume that a debugger places a breakpoint at a load instruction at virtual address 0x77E81234 (hexadecimal notation) in a debugged process P. If the text segment of P begins at 0x77E80000 in P’s virtual address space and if the debugger has mapped this same text segment at 0x01000000 in its virtual address space, which of the following is the virtual address used by the debugger in its WRITE operation, along with a description of how the debugger has mapped the virtual memory page containing this address?",1,D,1
q70,2,llama3:8b-instruct-q8_0,C,C,A,1,0.0,0.0,1.0,0.0,0,0,25,0,25,"Assume that a debugger places a breakpoint at a load instruction at virtual address 0x77E81234 (hexadecimal notation) in a debugged process P. If the text segment of P begins at 0x77E80000 in P’s virtual address space and if the debugger has mapped this same text segment at 0x01000000 in its virtual address space, which of the following is the virtual address used by the debugger in its WRITE operation, along with a description of how the debugger has mapped the virtual memory page containing this address?",1,C,1
q70,3,llama3:8b-instruct-q8_0,C,B,A,0,0.0,0.44,0.56,0.0,0,11,14,0,25,"Assume that a debugger places a breakpoint at a load instruction at virtual address 0x77E81234 (hexadecimal notation) in a debugged process P. If the text segment of P begins at 0x77E80000 in P’s virtual address space and if the debugger has mapped this same text segment at 0x01000000 in its virtual address space, which of the following is the virtual address used by the debugger in its WRITE operation, along with a description of how the debugger has mapped the virtual memory page containing this address?",0,C,0
q72,0,llama3:8b-instruct-q8_0,B,A,A,0,0.0,0.36,0.36,0.28,0,9,9,7,25,"Two processors, M-5 and M-7, implement the same instruction set. Processor M-5 uses a 5-stage pipeline and a clock cycle of 10 nanoseconds. Processor M-7 uses a 7-stage pipeline and a clock cycle of 7.5 nanoseconds. Which of the following is (are) true?
I. M-7’s pipeline has better maximum throughput than M-5’s pipeline.
II. The latency of a single instruction is shorter on M-7’s pipeline than on M-5’s pipeline.
III. Programs executing on M-7 will always run faster than programs executing on M-5.",0,C,0
q72,1,llama3:8b-instruct-q8_0,C,D,A,0,0.16,0.28,0.28,0.28,4,7,7,7,25,"Two processors, M-5 and M-7, implement the same instruction set. Processor M-5 uses a 5-stage pipeline and a clock cycle of 10 nanoseconds. Processor M-7 uses a 7-stage pipeline and a clock cycle of 7.5 nanoseconds. Which of the following is (are) true?
I. M-7’s pipeline has better maximum throughput than M-5’s pipeline.
II. The latency of a single instruction is shorter on M-7’s pipeline than on M-5’s pipeline.
III. Programs executing on M-7 will always run faster than programs executing on M-5.",0,C,0
q72,2,llama3:8b-instruct-q8_0,B,C,A,0,0.2,0.36,0.16,0.28,5,9,4,7,25,"Two processors, M-5 and M-7, implement the same instruction set. Processor M-5 uses a 5-stage pipeline and a clock cycle of 10 nanoseconds. Processor M-7 uses a 7-stage pipeline and a clock cycle of 7.5 nanoseconds. Which of the following is (are) true?
I. M-7’s pipeline has better maximum throughput than M-5’s pipeline.
II. The latency of a single instruction is shorter on M-7’s pipeline than on M-5’s pipeline.
III. Programs executing on M-7 will always run faster than programs executing on M-5.",0,C,1
q72,3,llama3:8b-instruct-q8_0,B,B,A,1,0.2,0.36,0.32,0.12,5,9,8,3,25,"Two processors, M-5 and M-7, implement the same instruction set. Processor M-5 uses a 5-stage pipeline and a clock cycle of 10 nanoseconds. Processor M-7 uses a 7-stage pipeline and a clock cycle of 7.5 nanoseconds. Which of the following is (are) true?
I. M-7’s pipeline has better maximum throughput than M-5’s pipeline.
II. The latency of a single instruction is shorter on M-7’s pipeline than on M-5’s pipeline.
III. Programs executing on M-7 will always run faster than programs executing on M-5.",1,C,0
q73,0,llama3:8b-instruct-q8_0,C,D,D,0,0.0,0.0,0.96,0.04,0,0,24,1,25,"Which of the following pairs of 8-bit, two's-complement numbers will result in overflow when the members of the pairs are added?",0,C,0
q73,1,llama3:8b-instruct-q8_0,B,C,D,0,0.0,0.52,0.24,0.24,0,13,6,6,25,"Which of the following pairs of 8-bit, two's-complement numbers will result in overflow when the members of the pairs are added?",0,C,1
q73,2,llama3:8b-instruct-q8_0,C,B,D,0,0.44,0.0,0.56,0.0,11,0,14,0,25,"Which of the following pairs of 8-bit, two's-complement numbers will result in overflow when the members of the pairs are added?",0,C,0
q73,3,llama3:8b-instruct-q8_0,D,A,D,0,0.0,0.0,0.0,1.0,0,0,0,25,25,"Which of the following pairs of 8-bit, two's-complement numbers will result in overflow when the members of the pairs are added?",0,D,0
q75,0,llama3:8b-instruct-q8_0,A,D,D,0,0.4,0.24,0.0,0.36,10,6,0,9,25,"Consider the following grammar.
S → ( S )
S → x
Which of the following statements is (are) true?
I. The grammar is ambiguous.
II. The grammar is suitable for top-down parsing.
III. The grammar is suitable for bottom-up parsing.",0,A,0
q75,1,llama3:8b-instruct-q8_0,D,C,D,0,0.36,0.0,0.24,0.4,9,0,6,10,25,"Consider the following grammar.
S → ( S )
S → x
Which of the following statements is (are) true?
I. The grammar is ambiguous.
II. The grammar is suitable for top-down parsing.
III. The grammar is suitable for bottom-up parsing.",0,C,1
q75,2,llama3:8b-instruct-q8_0,D,B,D,0,0.28,0.28,0.12,0.32,7,7,3,8,25,"Consider the following grammar.
S → ( S )
S → x
Which of the following statements is (are) true?
I. The grammar is ambiguous.
II. The grammar is suitable for top-down parsing.
III. The grammar is suitable for bottom-up parsing.",0,D,0
q75,3,llama3:8b-instruct-q8_0,A,A,D,1,0.6,0.4,0.0,0.0,15,10,0,0,25,"Consider the following grammar.
S → ( S )
S → x
Which of the following statements is (are) true?
I. The grammar is ambiguous.
II. The grammar is suitable for top-down parsing.
III. The grammar is suitable for bottom-up parsing.",1,A,1
q76,0,llama3:8b-instruct-q8_0,C,C,C,1,0.0,0.0,1.0,0.0,0,0,25,0,25,Hash tables can contribute to an efficient average-case solution for all of the problems described below EXCEPT:,1,C,1
q76,1,llama3:8b-instruct-q8_0,B,B,C,1,0.0,1.0,0.0,0.0,0,25,0,0,25,Hash tables can contribute to an efficient average-case solution for all of the problems described below EXCEPT:,1,B,1
q76,2,llama3:8b-instruct-q8_0,C,A,C,0,0.0,0.0,1.0,0.0,0,0,25,0,25,Hash tables can contribute to an efficient average-case solution for all of the problems described below EXCEPT:,0,C,0
q76,3,llama3:8b-instruct-q8_0,B,D,C,0,0.0,0.76,0.24,0.0,0,19,6,0,25,Hash tables can contribute to an efficient average-case solution for all of the problems described below EXCEPT:,0,C,0
q79,0,llama3:8b-instruct-q8_0,C,C,C,1,0.0,0.0,1.0,0.0,0,0,25,0,25,"The hit ratio of a cache memory is the percentage of accesses (reads and writes) for which data are found in the cache. Write-through is a policy whereby every write operation updates main memory. Write-back is a policy whereby a write operation to a line found in the cache does not affect main memory until the line is evicted from the cache. Write-allocation is a policy whereby a cache line is allocated and loaded on a write-miss. If it is assumed that write-allocation is always used, which of the following is true?",1,C,1
q79,1,llama3:8b-instruct-q8_0,C,B,C,0,0.0,0.36,0.64,0.0,0,9,16,0,25,"The hit ratio of a cache memory is the percentage of accesses (reads and writes) for which data are found in the cache. Write-through is a policy whereby every write operation updates main memory. Write-back is a policy whereby a write operation to a line found in the cache does not affect main memory until the line is evicted from the cache. Write-allocation is a policy whereby a cache line is allocated and loaded on a write-miss. If it is assumed that write-allocation is always used, which of the following is true?",0,C,0
q79,2,llama3:8b-instruct-q8_0,B,A,C,0,0.0,1.0,0.0,0.0,0,25,0,0,25,"The hit ratio of a cache memory is the percentage of accesses (reads and writes) for which data are found in the cache. Write-through is a policy whereby every write operation updates main memory. Write-back is a policy whereby a write operation to a line found in the cache does not affect main memory until the line is evicted from the cache. Write-allocation is a policy whereby a cache line is allocated and loaded on a write-miss. If it is assumed that write-allocation is always used, which of the following is true?",0,B,0
q79,3,llama3:8b-instruct-q8_0,B,D,C,0,0.0,0.68,0.32,0.0,0,17,8,0,25,"The hit ratio of a cache memory is the percentage of accesses (reads and writes) for which data are found in the cache. Write-through is a policy whereby every write operation updates main memory. Write-back is a policy whereby a write operation to a line found in the cache does not affect main memory until the line is evicted from the cache. Write-allocation is a policy whereby a cache line is allocated and loaded on a write-miss. If it is assumed that write-allocation is always used, which of the following is true?",0,C,0
q80,0,llama3:8b-instruct-q8_0,B,D,D,0,0.0,0.6,0.0,0.4,0,15,0,10,25,"A particular disk unit uses a bit string to record the occupancy or vacancy of its tracks, with O denoting vacant and 1 denoting occupied. A 32-bit segment of this string has the hexadecimal value D4FE2003. The percentage of occupied tracks for the corresponding part of the disk, to the nearest percent, is",0,D,1
q80,1,llama3:8b-instruct-q8_0,D,C,D,0,0.0,0.4,0.0,0.6,0,10,0,15,25,"A particular disk unit uses a bit string to record the occupancy or vacancy of its tracks, with O denoting vacant and 1 denoting occupied. A 32-bit segment of this string has the hexadecimal value D4FE2003. The percentage of occupied tracks for the corresponding part of the disk, to the nearest percent, is",0,D,0
q80,2,llama3:8b-instruct-q8_0,B,B,D,1,0.0,0.76,0.0,0.24,0,19,0,6,25,"A particular disk unit uses a bit string to record the occupancy or vacancy of its tracks, with O denoting vacant and 1 denoting occupied. A 32-bit segment of this string has the hexadecimal value D4FE2003. The percentage of occupied tracks for the corresponding part of the disk, to the nearest percent, is",1,B,1
q80,3,llama3:8b-instruct-q8_0,D,A,D,0,0.0,0.48,0.0,0.52,0,12,0,13,25,"A particular disk unit uses a bit string to record the occupancy or vacancy of its tracks, with O denoting vacant and 1 denoting occupied. A 32-bit segment of this string has the hexadecimal value D4FE2003. The percentage of occupied tracks for the corresponding part of the disk, to the nearest percent, is",0,D,0
q82,0,llama3:8b-instruct-q8_0,B,C,C,0,0.0,1.0,0.0,0.0,0,25,0,0,25,Which of the following characteristics of a programming language is best specified using a context-free grammar?,0,B,0
q82,1,llama3:8b-instruct-q8_0,B,B,C,1,0.44,0.56,0.0,0.0,11,14,0,0,25,Which of the following characteristics of a programming language is best specified using a context-free grammar?,1,A,0
q82,2,llama3:8b-instruct-q8_0,D,A,C,0,0.0,0.0,0.0,1.0,0,0,0,25,25,Which of the following characteristics of a programming language is best specified using a context-free grammar?,0,D,0
q82,3,llama3:8b-instruct-q8_0,C,D,C,0,0.0,0.0,1.0,0.0,0,0,25,0,25,Which of the following characteristics of a programming language is best specified using a context-free grammar?,0,C,0
q83,0,llama3:8b-instruct-q8_0,D,D,D,1,0.0,0.0,0.32,0.68,0,0,8,17,25,"Which of the following statements about datagrams sent by a node in a network using IPv4 protocol is (are) true?
I. Datagrams at the source must be the size of the smallest maximum transmission unit (MTU) of all the links on a path to the destination.
II. Datagrams may be fragmented during routing.
III. Datagrams are reassembled only at the destination.",1,D,1
q83,1,llama3:8b-instruct-q8_0,C,C,D,1,0.12,0.32,0.56,0.0,3,8,14,0,25,"Which of the following statements about datagrams sent by a node in a network using IPv4 protocol is (are) true?
I. Datagrams at the source must be the size of the smallest maximum transmission unit (MTU) of all the links on a path to the destination.
II. Datagrams may be fragmented during routing.
III. Datagrams are reassembled only at the destination.",1,C,1
q83,2,llama3:8b-instruct-q8_0,B,B,D,1,0.0,1.0,0.0,0.0,0,25,0,0,25,"Which of the following statements about datagrams sent by a node in a network using IPv4 protocol is (are) true?
I. Datagrams at the source must be the size of the smallest maximum transmission unit (MTU) of all the links on a path to the destination.
II. Datagrams may be fragmented during routing.
III. Datagrams are reassembled only at the destination.",1,B,1
q83,3,llama3:8b-instruct-q8_0,A,A,D,1,1.0,0.0,0.0,0.0,25,0,0,0,25,"Which of the following statements about datagrams sent by a node in a network using IPv4 protocol is (are) true?
I. Datagrams at the source must be the size of the smallest maximum transmission unit (MTU) of all the links on a path to the destination.
II. Datagrams may be fragmented during routing.
III. Datagrams are reassembled only at the destination.",1,A,1
q85,0,llama3:8b-instruct-q8_0,A,D,D,0,0.52,0.0,0.48,0.0,13,0,12,0,25,"Of the following, which gives the best upper bound for the value of f(N) where f is a solution to the recurrence f(2N + 1) = f(2N) = f(N) + log N for N >= 1, with f(1) = 0?",0,C,0
q85,1,llama3:8b-instruct-q8_0,D,C,D,0,0.36,0.0,0.0,0.64,9,0,0,16,25,"Of the following, which gives the best upper bound for the value of f(N) where f is a solution to the recurrence f(2N + 1) = f(2N) = f(N) + log N for N >= 1, with f(1) = 0?",0,D,0
q85,2,llama3:8b-instruct-q8_0,C,B,D,0,0.0,0.0,1.0,0.0,0,0,25,0,25,"Of the following, which gives the best upper bound for the value of f(N) where f is a solution to the recurrence f(2N + 1) = f(2N) = f(N) + log N for N >= 1, with f(1) = 0?",0,C,0
q85,3,llama3:8b-instruct-q8_0,B,A,D,0,0.28,0.56,0.0,0.16,7,14,0,4,25,"Of the following, which gives the best upper bound for the value of f(N) where f is a solution to the recurrence f(2N + 1) = f(2N) = f(N) + log N for N >= 1, with f(1) = 0?",0,A,1
q86,0,llama3:8b-instruct-q8_0,B,D,D,0,0.0,0.64,0.36,0.0,0,16,9,0,25,"Company X shipped 5 computer chips, 1 of which was defective, and Company Y shipped 4 computer chips, 2 of which were defective. One computer chip is to be chosen uniformly at random from the 9 chips shipped by the companies. If the chosen chip is found to be defective, what is the probability that the chip came from Company Y?",0,C,0
q86,1,llama3:8b-instruct-q8_0,A,C,D,0,0.28,0.28,0.2,0.24,7,7,5,6,25,"Company X shipped 5 computer chips, 1 of which was defective, and Company Y shipped 4 computer chips, 2 of which were defective. One computer chip is to be chosen uniformly at random from the 9 chips shipped by the companies. If the chosen chip is found to be defective, what is the probability that the chip came from Company Y?",0,C,1
q86,2,llama3:8b-instruct-q8_0,B,B,D,1,0.0,0.52,0.0,0.48,0,13,0,12,25,"Company X shipped 5 computer chips, 1 of which was defective, and Company Y shipped 4 computer chips, 2 of which were defective. One computer chip is to be chosen uniformly at random from the 9 chips shipped by the companies. If the chosen chip is found to be defective, what is the probability that the chip came from Company Y?",1,D,0
q86,3,llama3:8b-instruct-q8_0,B,A,D,0,0.0,0.52,0.48,0.0,0,13,12,0,25,"Company X shipped 5 computer chips, 1 of which was defective, and Company Y shipped 4 computer chips, 2 of which were defective. One computer chip is to be chosen uniformly at random from the 9 chips shipped by the companies. If the chosen chip is found to be defective, what is the probability that the chip came from Company Y?",0,C,0
q87,0,llama3:8b-instruct-q8_0,A,A,A,1,1.0,0.0,0.0,0.0,25,0,0,0,25,"Which of the following problems can be solved by a standard greedy algorithm?
I. Finding a minimum spanning tree in an undirected graph with positive-integer edge weights
II. Finding a maximum clique in an undirected graph
III. Finding a maximum flow from a source node to a sink node in a directed graph with positive-integer edge capacities",1,A,1
q87,1,llama3:8b-instruct-q8_0,D,D,A,1,0.0,0.0,0.0,1.0,0,0,0,25,25,"Which of the following problems can be solved by a standard greedy algorithm?
I. Finding a minimum spanning tree in an undirected graph with positive-integer edge weights
II. Finding a maximum clique in an undirected graph
III. Finding a maximum flow from a source node to a sink node in a directed graph with positive-integer edge capacities",1,D,1
q87,2,llama3:8b-instruct-q8_0,C,C,A,1,0.12,0.0,0.88,0.0,3,0,22,0,25,"Which of the following problems can be solved by a standard greedy algorithm?
I. Finding a minimum spanning tree in an undirected graph with positive-integer edge weights
II. Finding a maximum clique in an undirected graph
III. Finding a maximum flow from a source node to a sink node in a directed graph with positive-integer edge capacities",1,C,1
q87,3,llama3:8b-instruct-q8_0,B,B,A,1,0.0,1.0,0.0,0.0,0,25,0,0,25,"Which of the following problems can be solved by a standard greedy algorithm?
I. Finding a minimum spanning tree in an undirected graph with positive-integer edge weights
II. Finding a maximum clique in an undirected graph
III. Finding a maximum flow from a source node to a sink node in a directed graph with positive-integer edge capacities",1,B,1
q88,0,llama3:8b-instruct-q8_0,C,B,B,0,0.28,0.2,0.52,0.0,7,5,13,0,25,"A program that checks spelling works in the following way. A hash table has been defined in which each entry is a Boolean variable initialized to false. A hash function has been applied to each word in the dictionary, and the appropriate entry in the hash table has been set to true. To check the spelling in a document, the hash function is applied to every word in the document, and the appropriate entry in the hash table is examined. Which of the following is (are) correct?
I. true means the word was in the dictionary.
II. false means the word was not in the dictionary.
III. Hash table size should increase with document size.",0,C,0
q88,1,llama3:8b-instruct-q8_0,B,A,B,0,0.48,0.52,0.0,0.0,12,13,0,0,25,"A program that checks spelling works in the following way. A hash table has been defined in which each entry is a Boolean variable initialized to false. A hash function has been applied to each word in the dictionary, and the appropriate entry in the hash table has been set to true. To check the spelling in a document, the hash function is applied to every word in the document, and the appropriate entry in the hash table is examined. Which of the following is (are) correct?
I. true means the word was in the dictionary.
II. false means the word was not in the dictionary.
III. Hash table size should increase with document size.",0,A,1
q88,2,llama3:8b-instruct-q8_0,A,D,B,0,0.56,0.0,0.0,0.44,14,0,0,11,25,"A program that checks spelling works in the following way. A hash table has been defined in which each entry is a Boolean variable initialized to false. A hash function has been applied to each word in the dictionary, and the appropriate entry in the hash table has been set to true. To check the spelling in a document, the hash function is applied to every word in the document, and the appropriate entry in the hash table is examined. Which of the following is (are) correct?
I. true means the word was in the dictionary.
II. false means the word was not in the dictionary.
III. Hash table size should increase with document size.",0,A,0
q88,3,llama3:8b-instruct-q8_0,D,C,B,0,0.16,0.36,0.0,0.48,4,9,0,12,25,"A program that checks spelling works in the following way. A hash table has been defined in which each entry is a Boolean variable initialized to false. A hash function has been applied to each word in the dictionary, and the appropriate entry in the hash table has been set to true. To check the spelling in a document, the hash function is applied to every word in the document, and the appropriate entry in the hash table is examined. Which of the following is (are) correct?
I. true means the word was in the dictionary.
II. false means the word was not in the dictionary.
III. Hash table size should increase with document size.",0,D,0
q89,0,llama3:8b-instruct-q8_0,B,C,C,0,0.32,0.56,0.12,0.0,8,14,3,0,25,"One approach to handling fuzzy logic data might be to design a computer using ternary (base-3) logic so that data could be stored as “true,” “false,” and “unknown.” If each ternary logic element is called a flit, how many flits are required to represent at least 256 different values?",0,A,0
q89,1,llama3:8b-instruct-q8_0,D,B,C,0,0.0,0.32,0.0,0.68,0,8,0,17,25,"One approach to handling fuzzy logic data might be to design a computer using ternary (base-3) logic so that data could be stored as “true,” “false,” and “unknown.” If each ternary logic element is called a flit, how many flits are required to represent at least 256 different values?",0,D,0
q89,2,llama3:8b-instruct-q8_0,A,A,C,1,0.36,0.32,0.32,0.0,9,8,8,0,25,"One approach to handling fuzzy logic data might be to design a computer using ternary (base-3) logic so that data could be stored as “true,” “false,” and “unknown.” If each ternary logic element is called a flit, how many flits are required to represent at least 256 different values?",1,C,0
q89,3,llama3:8b-instruct-q8_0,B,D,C,0,0.36,0.64,0.0,0.0,9,16,0,0,25,"One approach to handling fuzzy logic data might be to design a computer using ternary (base-3) logic so that data could be stored as “true,” “false,” and “unknown.” If each ternary logic element is called a flit, how many flits are required to represent at least 256 different values?",0,A,0
q90,0,llama3:8b-instruct-q8_0,A,A,A,1,1.0,0.0,0.0,0.0,25,0,0,0,25,"Local caching of files is common in distributed file systems, but it has the disadvantage that",1,A,1
q90,1,llama3:8b-instruct-q8_0,D,D,A,1,0.0,0.0,0.0,1.0,0,0,0,25,25,"Local caching of files is common in distributed file systems, but it has the disadvantage that",1,D,1
q90,2,llama3:8b-instruct-q8_0,C,C,A,1,0.0,0.0,1.0,0.0,0,0,25,0,25,"Local caching of files is common in distributed file systems, but it has the disadvantage that",1,C,1
q90,3,llama3:8b-instruct-q8_0,B,B,A,1,0.0,1.0,0.0,0.0,0,25,0,0,25,"Local caching of files is common in distributed file systems, but it has the disadvantage that",1,B,1
q92,0,llama3:8b-instruct-q8_0,B,C,C,0,0.0,1.0,0.0,0.0,0,25,0,0,25,"At time 0, five jobs are available for execution on a single processor, with service times of 25, 15, 5, 3, and 2 time units. Which of the following is the minimum value of the average completion time of these jobs?",0,B,0
q92,1,llama3:8b-instruct-q8_0,A,B,C,0,0.56,0.44,0.0,0.0,14,11,0,0,25,"At time 0, five jobs are available for execution on a single processor, with service times of 25, 15, 5, 3, and 2 time units. Which of the following is the minimum value of the average completion time of these jobs?",0,A,0
q92,2,llama3:8b-instruct-q8_0,A,A,C,1,0.6,0.0,0.0,0.4,15,0,0,10,25,"At time 0, five jobs are available for execution on a single processor, with service times of 25, 15, 5, 3, and 2 time units. Which of the following is the minimum value of the average completion time of these jobs?",1,A,1
q92,3,llama3:8b-instruct-q8_0,D,D,C,1,0.0,0.0,0.24,0.76,0,0,6,19,25,"At time 0, five jobs are available for execution on a single processor, with service times of 25, 15, 5, 3, and 2 time units. Which of the following is the minimum value of the average completion time of these jobs?",1,D,1
q93,0,llama3:8b-instruct-q8_0,B,B,B,1,0.0,1.0,0.0,0.0,0,25,0,0,25,"Let G = (V, E) be a connected, undirected graph, and let a and b be two distinct vertices in V. Let P_1 be the problem of finding a shortest simple path between a and b, and let P_2 be the problem of finding a longest simple path between a and b. Which of the following statements about P_1 and P_2 is true?",1,B,1
q93,1,llama3:8b-instruct-q8_0,A,A,B,1,1.0,0.0,0.0,0.0,25,0,0,0,25,"Let G = (V, E) be a connected, undirected graph, and let a and b be two distinct vertices in V. Let P_1 be the problem of finding a shortest simple path between a and b, and let P_2 be the problem of finding a longest simple path between a and b. Which of the following statements about P_1 and P_2 is true?",1,A,1
q93,2,llama3:8b-instruct-q8_0,B,D,B,0,0.0,1.0,0.0,0.0,0,25,0,0,25,"Let G = (V, E) be a connected, undirected graph, and let a and b be two distinct vertices in V. Let P_1 be the problem of finding a shortest simple path between a and b, and let P_2 be the problem of finding a longest simple path between a and b. Which of the following statements about P_1 and P_2 is true?",0,B,0
q93,3,llama3:8b-instruct-q8_0,C,C,B,1,0.0,0.0,1.0,0.0,0,0,25,0,25,"Let G = (V, E) be a connected, undirected graph, and let a and b be two distinct vertices in V. Let P_1 be the problem of finding a shortest simple path between a and b, and let P_2 be the problem of finding a longest simple path between a and b. Which of the following statements about P_1 and P_2 is true?",1,C,1
q94,0,llama3:8b-instruct-q8_0,C,C,C,1,0.0,0.0,1.0,0.0,0,0,25,0,25,A major advantage of direct mapping of a cache is its simplicity. The main disadvantage of this organization is that,1,C,1
q94,1,llama3:8b-instruct-q8_0,B,B,C,1,0.0,1.0,0.0,0.0,0,25,0,0,25,A major advantage of direct mapping of a cache is its simplicity. The main disadvantage of this organization is that,1,B,1
q94,2,llama3:8b-instruct-q8_0,A,A,C,1,1.0,0.0,0.0,0.0,25,0,0,0,25,A major advantage of direct mapping of a cache is its simplicity. The main disadvantage of this organization is that,1,A,1
q94,3,llama3:8b-instruct-q8_0,B,D,C,0,0.0,0.52,0.0,0.48,0,13,0,12,25,A major advantage of direct mapping of a cache is its simplicity. The main disadvantage of this organization is that,0,D,1
q95,0,llama3:8b-instruct-q8_0,D,D,D,1,0.0,0.36,0.12,0.52,0,9,3,13,25,"Let M be a single-tape, deterministic Turing machine with tape alphabet {blank,0,1}, and let C denote the (possibly infinite) computation of M starting with a blank tape. The input to each problem below is M, together with a positive integer n. Which of the following problems is (are) decidable?
I. The computation C lasts for at least n steps.
II. The computation C lasts for at least n steps, and M prints a 1 at some point after the nth step.
III. M scans at least n distinct tape squares during the computation C.",1,D,1
q95,1,llama3:8b-instruct-q8_0,C,C,D,1,0.2,0.32,0.48,0.0,5,8,12,0,25,"Let M be a single-tape, deterministic Turing machine with tape alphabet {blank,0,1}, and let C denote the (possibly infinite) computation of M starting with a blank tape. The input to each problem below is M, together with a positive integer n. Which of the following problems is (are) decidable?
I. The computation C lasts for at least n steps.
II. The computation C lasts for at least n steps, and M prints a 1 at some point after the nth step.
III. M scans at least n distinct tape squares during the computation C.",1,C,1
q95,2,llama3:8b-instruct-q8_0,B,B,D,1,0.16,0.44,0.04,0.36,4,11,1,9,25,"Let M be a single-tape, deterministic Turing machine with tape alphabet {blank,0,1}, and let C denote the (possibly infinite) computation of M starting with a blank tape. The input to each problem below is M, together with a positive integer n. Which of the following problems is (are) decidable?
I. The computation C lasts for at least n steps.
II. The computation C lasts for at least n steps, and M prints a 1 at some point after the nth step.
III. M scans at least n distinct tape squares during the computation C.",1,D,0
q95,3,llama3:8b-instruct-q8_0,A,A,D,1,0.44,0.0,0.36,0.2,11,0,9,5,25,"Let M be a single-tape, deterministic Turing machine with tape alphabet {blank,0,1}, and let C denote the (possibly infinite) computation of M starting with a blank tape. The input to each problem below is M, together with a positive integer n. Which of the following problems is (are) decidable?
I. The computation C lasts for at least n steps.
II. The computation C lasts for at least n steps, and M prints a 1 at some point after the nth step.
III. M scans at least n distinct tape squares during the computation C.",1,C,0
q96,0,llama3:8b-instruct-q8_0,D,A,A,0,0.0,0.0,0.0,1.0,0,0,0,25,25,"A 3-way, set-associative cache is",0,D,0
q96,1,llama3:8b-instruct-q8_0,C,D,A,0,0.0,0.48,0.52,0.0,0,12,13,0,25,"A 3-way, set-associative cache is",0,C,0
q96,2,llama3:8b-instruct-q8_0,B,C,A,0,0.0,0.64,0.36,0.0,0,16,9,0,25,"A 3-way, set-associative cache is",0,C,1
q96,3,llama3:8b-instruct-q8_0,B,B,A,1,0.0,1.0,0.0,0.0,0,25,0,0,25,"A 3-way, set-associative cache is",1,B,1
q97,0,llama3:8b-instruct-q8_0,B,A,A,0,0.0,1.0,0.0,0.0,0,25,0,0,25,"Consider an object-oriented language in which all entities are objects. Two relationships arise: (1) the instance relationship, between an object and the class of which that object is a member, and (2) the subclass relationship, between a class and the superclass from which that class inherits properties. In such a language, when a message is sent to an object requesting execution of one of its methods (procedures), the method is located by following",0,B,0
q97,1,llama3:8b-instruct-q8_0,B,D,A,0,0.44,0.56,0.0,0.0,11,14,0,0,25,"Consider an object-oriented language in which all entities are objects. Two relationships arise: (1) the instance relationship, between an object and the class of which that object is a member, and (2) the subclass relationship, between a class and the superclass from which that class inherits properties. In such a language, when a message is sent to an object requesting execution of one of its methods (procedures), the method is located by following",0,A,0
q97,2,llama3:8b-instruct-q8_0,D,C,A,0,0.0,0.48,0.0,0.52,0,12,0,13,25,"Consider an object-oriented language in which all entities are objects. Two relationships arise: (1) the instance relationship, between an object and the class of which that object is a member, and (2) the subclass relationship, between a class and the superclass from which that class inherits properties. In such a language, when a message is sent to an object requesting execution of one of its methods (procedures), the method is located by following",0,D,0
q97,3,llama3:8b-instruct-q8_0,D,B,A,0,0.0,0.0,0.08,0.92,0,0,2,23,25,"Consider an object-oriented language in which all entities are objects. Two relationships arise: (1) the instance relationship, between an object and the class of which that object is a member, and (2) the subclass relationship, between a class and the superclass from which that class inherits properties. In such a language, when a message is sent to an object requesting execution of one of its methods (procedures), the method is located by following",0,D,0
q98,0,llama3:8b-instruct-q8_0,D,D,D,1,0.0,0.0,0.0,1.0,0,0,0,25,25,"In a pipelined RISC computer where all arithmetic instructions have the same CPI (cycles per instruction), which of the following actions would improve the execution time of a typical program?
I. Increasing the clock cycle rate
II. Disallowing any forwarding in the pipeline
III. Doubling the sizes of the instruction cache and the data cache without changing the clock cycle time",1,D,1
q98,1,llama3:8b-instruct-q8_0,C,C,D,1,0.0,0.36,0.64,0.0,0,9,16,0,25,"In a pipelined RISC computer where all arithmetic instructions have the same CPI (cycles per instruction), which of the following actions would improve the execution time of a typical program?
I. Increasing the clock cycle rate
II. Disallowing any forwarding in the pipeline
III. Doubling the sizes of the instruction cache and the data cache without changing the clock cycle time",1,C,1
q98,2,llama3:8b-instruct-q8_0,B,B,D,1,0.0,1.0,0.0,0.0,0,25,0,0,25,"In a pipelined RISC computer where all arithmetic instructions have the same CPI (cycles per instruction), which of the following actions would improve the execution time of a typical program?
I. Increasing the clock cycle rate
II. Disallowing any forwarding in the pipeline
III. Doubling the sizes of the instruction cache and the data cache without changing the clock cycle time",1,B,1
q98,3,llama3:8b-instruct-q8_0,A,A,D,1,1.0,0.0,0.0,0.0,25,0,0,0,25,"In a pipelined RISC computer where all arithmetic instructions have the same CPI (cycles per instruction), which of the following actions would improve the execution time of a typical program?
I. Increasing the clock cycle rate
II. Disallowing any forwarding in the pipeline
III. Doubling the sizes of the instruction cache and the data cache without changing the clock cycle time",1,A,1
q99,0,llama3:8b-instruct-q8_0,C,C,C,1,0.0,0.28,0.36,0.36,0,7,9,9,25,"A microcomputer used for data acquisition and control is required to digitize and process four analog input signals and to output their average continually; i.e., in real time. The time for an external analog-to-digital converter (which is triggered by a CPU instruction) to digitize one input is 12 microseconds, and only one digitization occurs at a time. Five CPU instructions, including the triggering instruction, must be executed for each signal digitized. Ten CPU instructions are executed in order to average each set of four samples and output this value. The time to convert the output from digital to analog form is to be ignored. If it is assumed that suitable data buffering is employed, then the maximum average instruction execution time that allows the microcomputer to keep up with the input-output data rates, is",1,C,1
q99,1,llama3:8b-instruct-q8_0,C,B,C,0,0.24,0.36,0.4,0.0,6,9,10,0,25,"A microcomputer used for data acquisition and control is required to digitize and process four analog input signals and to output their average continually; i.e., in real time. The time for an external analog-to-digital converter (which is triggered by a CPU instruction) to digitize one input is 12 microseconds, and only one digitization occurs at a time. Five CPU instructions, including the triggering instruction, must be executed for each signal digitized. Ten CPU instructions are executed in order to average each set of four samples and output this value. The time to convert the output from digital to analog form is to be ignored. If it is assumed that suitable data buffering is employed, then the maximum average instruction execution time that allows the microcomputer to keep up with the input-output data rates, is",0,C,0
q99,2,llama3:8b-instruct-q8_0,B,A,C,0,0.16,0.48,0.0,0.36,4,12,0,9,25,"A microcomputer used for data acquisition and control is required to digitize and process four analog input signals and to output their average continually; i.e., in real time. The time for an external analog-to-digital converter (which is triggered by a CPU instruction) to digitize one input is 12 microseconds, and only one digitization occurs at a time. Five CPU instructions, including the triggering instruction, must be executed for each signal digitized. Ten CPU instructions are executed in order to average each set of four samples and output this value. The time to convert the output from digital to analog form is to be ignored. If it is assumed that suitable data buffering is employed, then the maximum average instruction execution time that allows the microcomputer to keep up with the input-output data rates, is",0,D,0
q99,3,llama3:8b-instruct-q8_0,A,D,C,0,0.4,0.2,0.12,0.28,10,5,3,7,25,"A microcomputer used for data acquisition and control is required to digitize and process four analog input signals and to output their average continually; i.e., in real time. The time for an external analog-to-digital converter (which is triggered by a CPU instruction) to digitize one input is 12 microseconds, and only one digitization occurs at a time. Five CPU instructions, including the triggering instruction, must be executed for each signal digitized. Ten CPU instructions are executed in order to average each set of four samples and output this value. The time to convert the output from digital to analog form is to be ignored. If it is assumed that suitable data buffering is employed, then the maximum average instruction execution time that allows the microcomputer to keep up with the input-output data rates, is",0,A,0
q100,0,llama3:8b-instruct-q8_0,D,D,D,1,0.0,0.0,0.44,0.56,0,0,11,14,25,"Suppose that a certain software product has a mean time between failures of 10,000 hours and has a mean time to repair of 20 hours. If the product is used by 100 customers, what is its availability?",1,C,0
q100,1,llama3:8b-instruct-q8_0,C,C,D,1,0.0,0.0,1.0,0.0,0,0,25,0,25,"Suppose that a certain software product has a mean time between failures of 10,000 hours and has a mean time to repair of 20 hours. If the product is used by 100 customers, what is its availability?",1,C,1
q100,2,llama3:8b-instruct-q8_0,B,B,D,1,0.24,0.76,0.0,0.0,6,19,0,0,25,"Suppose that a certain software product has a mean time between failures of 10,000 hours and has a mean time to repair of 20 hours. If the product is used by 100 customers, what is its availability?",1,B,1
q100,3,llama3:8b-instruct-q8_0,A,A,D,1,0.6,0.0,0.0,0.4,15,0,0,10,25,"Suppose that a certain software product has a mean time between failures of 10,000 hours and has a mean time to repair of 20 hours. If the product is used by 100 customers, what is its availability?",1,A,1
